flood_exposure,flood_boundary_distance,easement_encroachment_pct,lot_coverage_ratio,property_age,num_transfers_5yr,avg_holding_period_years,ownership_anomaly_score,cv_vs_recorded_area_delta,label
0,22.3,0.096,0.309,12,0,19.8,0.093,0.057,0
1,0.0,0.07,0.556,24,5,4.53,0.685,0.142,1
0,352.1,0.119,0.708,68,0,14.5,0.0,0.107,0
0,272.8,0.341,0.417,2,2,8.87,0.28,0.043,0
0,388.8,0.345,0.543,23,6,12.59,0.699,0.114,0
0,308.5,0.06,0.474,10,1,10.43,0.014,0.126,0
0,412.7,0.282,0.381,9,2,3.58,0.042,0.051,0
0,130.8,0.196,0.567,7,2,5.75,0.207,0.094,0
0,54.5,0.016,0.344,27,5,1.42,0.455,0.231,0
0,343.3,0.04,0.819,38,0,12.3,0.002,0.054,0
0,486.2,0.267,0.929,43,6,7.86,0.681,0.123,1
1,0.0,0.321,0.262,35,1,3.97,0.36,0.056,1
0,52.0,0.17,0.671,65,0,21.5,0.107,0.034,0
0,465.2,0.264,0.541,34,3,13.54,0.326,0,0
0,175.7,0.206,0.255,74,1,1.48,0.388,0.064,0
0,115.0,0.046,0.418,21,2,3.26,0.243,0.12,0
0,211.4,0.302,0.959,69,0,15.1,0.0,0.185,0
0,78.7,0.064,0.813,25,4,1.92,0.665,0,1
0,484.8,0.324,0.537,54,2,13.59,0.253,0.055,0
0,149.8,0.244,0.6,57,1,3.66,0.295,0.172,0
0,376.5,0.02,0.866,14,0,6.4,0.0,0.042,0
0,207.9,0.33,0.613,2,0,15.5,0.066,0,0
0,110.1,0.251,0.331,43,3,5.08,0.35,0.019,0
0,45.9,0.075,0.452,73,1,5.86,0.243,0.133,0
0,309.7,0.346,0.704,11,1,14.01,0.313,0.149,0
1,0.0,0.054,0.752,55,6,9.7,0.859,0.042,1
0,55.2,0.148,0.437,65,6,14.71,0.707,0.123,1
0,46.9,0.309,0.826,7,4,2.65,0.327,0.098,1
0,450.5,0.074,0.505,10,2,14.62,0.249,0,0
0,441.9,0.009,0.559,50,1,2.81,0.209,0.026,0
0,430.7,0.078,0.775,52,1,0.84,0.331,0.117,0
0,182.1,0.178,0.679,78,0,26.9,0.0,0.043,0
0,28.7,0.209,0.479,4,4,2.18,0.502,0.019,1
1,0.0,0.324,0.927,56,2,6.75,0.279,0.221,1
1,0.0,0.11,0.469,42,6,6.42,0.582,0.089,1
0,341.9,0.316,0.53,81,1,4.66,0.225,0,0
0,237.8,0.155,0.79,60,6,1.73,0.659,0.039,1
0,339.7,0.079,0.277,21,5,12.82,0.709,0.124,0
1,0.0,0.068,0.413,81,0,24.5,0.085,0.192,0
1,0.0,0.087,0.779,14,4,9.13,0.345,0.21,1
1,0.0,0.285,0.849,24,0,23.6,0.0,0.06,0
1,0.0,0.17,0.298,45,1,4.44,0.292,0.008,1
0,83.9,0.134,0.297,29,2,8.37,0.191,0.077,0
1,0.0,0.331,0.832,33,3,0.59,0.604,0,1
0,273.7,0.257,0.626,47,2,7.54,0.136,0.126,0
0,460.6,0.343,0.471,9,6,0.89,0.647,0.023,0
0,99.0,0.091,0.446,33,1,11.4,0.188,0,0
1,0.0,0.018,0.292,76,0,28.7,0.06,0.055,0
0,126.9,0.166,0.4,49,2,2.93,0.12,0,0
0,63.0,0.009,0.877,33,2,14.15,0.372,0.084,0
0,59.9,0.27,0.335,9,0,13.7,0.0,0.083,0
0,412.9,0.037,0.838,62,2,3.05,0.247,0,0
1,0.0,0.283,0.594,6,1,5.17,0.157,0.237,1
0,289.2,0.234,0.727,58,3,3.58,0.458,0.072,0
1,0.0,0.245,0.606,57,0,11.0,0.0,0.106,1
0,229.6,0.006,0.672,42,6,8.93,0.763,0,1
0,498.3,0.193,0.448,49,1,2.25,0.168,0.088,0
0,103.9,0.259,0.963,14,5,4.6,0.512,0.092,1
0,186.8,0.106,0.276,75,4,4.74,0.584,0.011,0
0,291.3,0.164,0.868,49,3,2.15,0.303,0.135,0
1,0.0,0.22,0.729,43,0,29.8,0.175,0.142,0
0,390.1,0.133,0.615,27,1,8.75,0.04,0.239,0
0,474.3,0.073,0.3,51,0,18.8,0.107,0.118,0
0,123.4,0.247,0.383,48,6,9.05,0.545,0.068,1
0,276.8,0.227,0.304,60,1,9.13,0.251,0,0
0,352.9,0.33,0.548,5,0,27.2,0.092,0.039,0
0,54.8,0.337,0.265,47,5,1.08,0.704,0,1
0,498.5,0.153,0.621,29,2,5.16,0.069,0.088,0
0,349.9,0.101,0.663,23,0,12.9,0.0,0.24,0
0,332.3,0.19,0.54,2,3,9.57,0.418,0.053,0
1,0.0,0.046,0.711,66,0,29.3,0.0,0.013,0
1,0.0,0.143,0.98,22,0,21.2,0.156,0.155,1
0,259.3,0.096,0.445,11,0,14.6,0.155,0.005,0
0,388.6,0.299,0.646,81,1,11.03,0.013,0.105,0
0,434.0,0.156,0.603,12,2,7.1,0.222,0.097,0
0,429.4,0.144,0.772,33,2,14.83,0.127,0.081,0
0,252.7,0.013,0.512,69,3,1.95,0.515,0.042,0
0,46.7,0.274,0.686,71,2,12.86,0.409,0.1,1
0,317.1,0.311,0.278,73,1,9.65,0.454,0,0
0,382.6,0.246,0.708,78,0,13.1,0.0,0.121,0
0,81.3,0.186,0.38,59,0,20.2,0.0,0.132,0
0,236.0,0.089,0.897,22,1,10.33,0.152,0.097,0
0,493.9,0.105,0.579,43,1,14.99,0.179,0.02,0
0,496.4,0.103,0.255,75,5,11.3,0.614,0.136,0
0,307.5,0.123,0.4,64,6,1.91,0.78,0.034,1
0,368.9,0.032,0.512,56,0,24.7,0.025,0.104,0
1,0.0,0.32,0.753,20,1,11.33,0.124,0.084,1
0,431.5,0.253,0.886,35,0,24.8,0.037,0.149,0
0,190.6,0.262,0.826,34,0,21.9,0.0,0.07,0
1,0.0,0.077,0.58,43,6,6.42,0.619,0.174,1
0,498.0,0.041,0.354,23,2,10.22,0.24,0,0
0,443.9,0.229,0.907,46,0,22.3,0.13,0.068,0
0,429.2,0.035,0.827,36,0,15.0,0.069,0.088,0
0,324.4,0.209,0.437,65,5,3.48,0.46,0.099,0
1,0.0,0.076,0.343,5,0,11.9,0.345,0.026,0
0,333.9,0.009,0.755,6,2,0.73,0.355,0.046,0
0,267.8,0.261,0.489,6,0,16.3,0.075,0.159,0
1,0.0,0.106,0.298,20,2,6.68,0.033,0.148,0
0,46.0,0.028,0.324,2,6,8.99,0.627,0,0
1,0.0,0.212,0.336,11,1,6.74,0.102,0.113,0
0,205.4,0.255,0.689,34,0,22.2,0.007,0.056,0
0,407.8,0.195,0.694,66,2,5.63,0.304,0,0
0,484.5,0.21,0.544,62,6,7.49,0.703,0,0
0,291.3,0.283,0.897,3,6,9.82,0.633,0.232,1
0,24.2,0.096,0.524,58,0,19.2,0.005,0.076,0
1,0.0,0.075,0.354,42,2,11.76,0.231,0.019,1
0,86.2,0.264,0.446,27,3,9.3,0.29,0.079,0
0,148.8,0.237,0.46,53,2,14.77,0.243,0.101,0
0,386.0,0.267,0.255,26,0,8.2,0.0,0.038,0
0,45.3,0.302,0.553,72,2,8.85,0.196,0,0
0,151.9,0.142,0.809,23,2,1.78,0.442,0.0,0
0,436.6,0.261,0.356,16,6,2.15,0.585,0,0
0,182.0,0.335,0.427,63,1,3.36,0.015,0,0
0,237.3,0.197,0.86,9,6,9.71,0.598,0,1
0,84.0,0.024,0.815,6,0,13.8,0.149,0.09,0
0,47.6,0.302,0.605,22,5,8.54,0.572,0.094,1
0,455.4,0.2,0.55,62,0,16.3,0.121,0,0
0,29.2,0.248,0.665,35,2,13.81,0.245,0,0
1,0.0,0.018,0.297,69,4,10.34,0.416,0.175,1
0,173.3,0.204,0.492,31,0,19.9,0.0,0.114,0
0,325.3,0.115,0.847,14,0,21.2,0.0,0.085,0
0,177.4,0.268,0.334,72,1,12.74,0.198,0.161,0
1,0.0,0.013,0.726,5,2,2.74,0.315,0.161,1
0,31.4,0.128,0.732,24,1,8.24,0.0,0,0
0,452.9,0.068,1.028,22,1,11.78,0.046,0.048,0
1,0.0,0.048,0.519,34,4,14.05,0.507,0.027,1
0,149.7,0.267,0.589,26,0,28.7,0.069,0.136,0
0,204.3,0.131,0.55,78,2,14.0,0.269,0.112,0
0,77.4,0.1,0.35,21,3,9.42,0.366,0.041,0
1,0.0,0.185,0.426,66,0,11.0,0.106,0,0
0,64.3,0.317,0.68,8,1,10.92,0.149,0.054,0
0,335.5,0.03,0.55,17,4,8.54,0.554,0,0
0,490.7,0.089,0.293,51,6,9.61,0.672,0,0
1,0.0,0.118,0.71,22,3,9.66,0.376,0.061,1
0,28.1,0.071,0.493,42,4,6.27,0.495,0,1
0,184.9,0.273,0.328,34,2,13.4,0.283,0.043,0
0,176.1,0.065,0.76,47,0,23.2,0.169,0.102,0
0,60.3,0.115,0.63,27,0,22.2,0.0,0.036,0
0,311.3,0.152,1.008,72,6,9.74,0.533,0.159,1
0,425.8,0.237,0.288,35,2,6.05,0.027,0,0
0,474.9,0.13,0.615,31,2,9.92,0.25,0.089,0
0,457.6,0.041,0.407,3,1,10.56,0.033,0.103,0
0,427.9,0.158,0.898,41,6,5.54,0.765,0.09,1
0,398.9,0.178,0.884,51,3,0.88,0.377,0,0
1,0.0,0.045,0.477,20,4,6.46,0.34,0.106,1
0,230.5,0.238,0.731,11,6,9.02,0.712,0.055,1
1,0.0,0.319,0.644,43,0,9.0,0.116,0.027,1
0,424.5,0.088,0.467,43,5,8.24,0.511,0.001,0
1,0.0,0.054,0.89,38,5,1.1,0.727,0.025,1
0,329.1,0.268,0.271,12,1,9.81,0.095,0.031,0
0,155.7,0.026,0.495,22,1,5.43,0.273,0.175,0
0,487.9,0.046,0.322,51,3,2.28,0.62,0.008,0
0,152.2,0.134,0.876,61,2,14.04,0.238,0,0
0,254.4,0.108,0.474,23,1,3.62,0.43,0.034,0
0,302.8,0.295,0.61,68,2,2.44,0.241,0.126,0
0,289.4,0.068,0.49,24,4,4.56,0.467,0.171,0
0,73.0,0.034,0.504,35,0,10.0,0.0,0.045,0
0,403.9,0.182,0.611,40,5,5.12,0.565,0,0
0,300.9,0.178,0.732,43,3,12.33,0.249,0.138,0
0,302.5,0.093,0.832,8,1,10.96,0.133,0.008,0
1,0.0,0.271,0.652,77,5,14.25,0.565,0.06,1
0,211.1,0.271,0.817,74,0,18.0,0.103,0,0
0,267.5,0.11,0.602,12,2,10.3,0.352,0,0
0,104.2,0.086,0.834,43,1,10.72,0.076,0.016,0
0,180.9,0.327,0.606,12,2,13.49,0.177,0.095,0
0,150.9,0.25,0.762,20,1,3.43,0.094,0,0
0,77.3,0.215,0.281,14,1,9.75,0.248,0.077,0
0,12.5,0.193,0.858,21,3,9.93,0.305,0.052,1
0,326.5,0.318,0.415,77,0,15.4,0.172,0,0
0,101.3,0.262,0.257,9,5,2.06,0.593,0.115,1
1,0.0,0.184,0.606,57,0,13.3,0.033,0,0
0,397.5,0.199,0.755,30,2,7.97,0.233,0.152,0
0,491.0,0.167,0.461,24,1,14.33,0.099,0.171,0
0,40.4,0.041,0.655,42,0,21.0,0.06,0.121,0
0,117.4,0.047,0.903,34,2,10.68,0.394,0,0
0,343.4,0.209,0.609,35,0,27.9,0.0,0.164,0
1,0.0,0.071,0.444,15,3,2.19,0.387,0.152,1
0,232.2,0.18,0.636,42,0,14.9,0.115,0.104,0
1,0.0,0.026,0.291,74,0,29.7,0.0,0.061,0
0,193.5,0.312,0.948,33,0,22.1,0.099,0,0
0,68.1,0.347,0.745,53,0,23.9,0.16,0.038,0
0,413.4,0.087,0.361,67,0,25.2,0.0,0,0
0,127.9,0.024,0.585,75,1,11.24,0.09,0.084,0
0,78.7,0.348,0.799,41,5,9.17,0.745,0.017,1
0,439.4,0.345,0.433,74,4,14.25,0.61,0,0
0,33.0,0.121,0.816,41,2,6.42,0.175,0.034,0
1,0.0,0.166,0.696,22,0,19.1,0.175,0.029,0
0,171.8,0.028,0.32,57,0,11.7,0.106,0,0
0,102.2,0.267,0.581,39,1,14.38,0.384,0.068,0
0,458.1,0.243,0.406,40,1,6.02,0.138,0,0
0,186.2,0.309,0.809,21,2,13.76,0.179,0.11,0
0,17.9,0.194,0.538,62,1,5.28,0.123,0,0
0,279.8,0.33,0.751,19,3,2.94,0.367,0.003,0
1,0.0,0.347,0.821,72,6,1.2,0.686,0.093,1
0,43.3,0.053,0.504,2,6,10.17,0.565,0,1
1,0.0,0.144,0.437,45,0,17.6,0.051,0.023,0
0,62.4,0.034,0.628,49,2,4.38,0.173,0.097,0
0,157.0,0.29,0.859,77,0,15.1,0.122,0,0
0,354.4,0.029,0.485,69,4,13.83,0.477,0.221,0
0,32.8,0.026,0.684,77,0,28.2,0.0,0,0
1,0.0,0.05,0.483,9,1,8.72,0.238,0,0
0,397.3,0.241,0.913,75,0,15.9,0.025,0.089,0
1,0.0,0.334,0.508,47,3,7.61,0.203,0.2,1
0,52.0,0.217,0.31,62,2,10.82,0.313,0,0
0,186.7,0.032,0.752,68,0,7.2,0.0,0.093,0
0,183.4,0.033,0.898,80,1,6.5,0.146,0.073,0
1,0.0,0.317,0.367,33,0,8.5,0.013,0.138,1
0,156.9,0.274,0.4,18,5,9.44,0.591,0.008,1
0,474.9,0.116,0.802,25,2,6.74,0.315,0,0
1,0.0,0.332,0.369,31,2,4.73,0.203,0.018,1
1,0.0,0.274,0.773,31,2,2.15,0.127,0.008,1
1,0.0,0.009,0.416,44,0,25.5,0.007,0.073,0
0,78.2,0.106,0.758,33,0,16.2,0.0,0,0
0,276.4,0.277,0.843,5,6,13.76,0.601,0.097,1
0,91.5,0.214,0.792,30,2,14.5,0.237,0.055,0
1,0.0,0.195,0.478,22,6,9.03,0.769,0,1
0,246.6,0.103,0.796,63,2,5.02,0.185,0.065,0
0,363.8,0.158,0.76,67,0,26.2,0.062,0,0
0,465.7,0.259,0.344,10,2,14.4,0.262,0.131,0
0,203.8,0.258,0.534,81,1,3.48,0.281,0.052,0
0,292.9,0.28,0.446,23,0,11.6,0.13,0,0
1,0.0,0.137,0.791,2,0,25.3,0.0,0.032,0
1,0.0,0.207,0.318,42,0,9.6,0.008,0,0
0,217.3,0.17,0.715,59,4,2.92,0.477,0.038,1
0,313.5,0.303,0.381,32,4,7.83,0.298,0.054,0
0,92.0,0.198,0.42,13,1,2.94,0.247,0,0
0,279.4,0.04,0.587,35,4,12.43,0.604,0.083,0
0,370.6,0.229,0.87,24,1,5.55,0.063,0.085,0
0,390.1,0.083,0.87,3,6,6.71,0.519,0,0
1,0.0,0.123,0.368,44,1,8.8,0.0,0.142,0
0,76.4,0.263,1.024,65,0,11.2,0.005,0,0
0,79.7,0.221,0.544,70,2,7.98,0.1,0.017,1
0,232.8,0.171,0.676,70,3,9.71,0.287,0,0
0,414.2,0.173,0.507,8,0,19.2,0.0,0,0
0,32.5,0.219,0.761,61,3,7.12,0.456,0.046,1
0,87.9,0.326,0.455,71,2,10.14,0.244,0.035,0
0,365.7,0.264,0.75,81,1,7.41,0.198,0.092,0
0,410.4,0.346,0.594,52,2,1.8,0.388,0.063,0
0,441.7,0.048,0.731,73,4,8.67,0.404,0.019,0
0,460.7,0.216,0.316,69,0,23.8,0.106,0,0
0,164.1,0.049,0.426,5,5,10.96,0.498,0.236,0
0,110.7,0.212,0.469,75,1,7.68,0.183,0.121,0
1,0.0,0.025,0.997,65,2,12.98,0.163,0.018,1
0,18.2,0.024,0.804,31,4,4.65,0.295,0.018,1
0,353.9,0.029,0.354,71,1,1.65,0.538,0,0
1,0.0,0.222,0.298,26,1,1.34,0.374,0.123,1
0,310.0,0.019,0.798,66,0,22.7,0.032,0.004,0
0,91.8,0.044,0.336,78,2,12.2,0.215,0.046,0
1,0.0,0.22,0.488,18,5,2.92,0.645,0.165,1
0,121.9,0.178,0.259,76,3,5.78,0.258,0.094,0
0,280.9,0.32,0.459,28,2,4.43,0.335,0.086,0
0,119.4,0.181,0.304,22,1,11.72,0.147,0.037,0
0,13.9,0.07,0.805,50,3,5.84,0.694,0.001,1
1,0.0,0.266,0.8,78,1,8.35,0.0,0,1
0,476.0,0.001,0.722,42,0,10.1,0.154,0.041,0
0,358.7,0.033,0.65,34,3,14.63,0.285,0.081,0
0,322.2,0.138,0.55,65,1,4.73,0.285,0,0
0,165.8,0.095,0.358,7,0,8.9,0.168,0.096,0
0,69.2,0.125,0.556,66,0,8.9,0.0,0,0
0,82.7,0.249,0.282,43,1,12.39,0.123,0.141,0
0,282.4,0.193,0.789,64,0,5.3,0.188,0,0
0,346.3,0.328,0.431,72,0,29.9,0.186,0.087,0
0,55.1,0.297,0.797,75,0,28.1,0.0,0.102,0
0,94.7,0.075,0.527,62,0,20.4,0.052,0,0
0,211.9,0.193,0.468,28,1,9.82,0.172,0,0
0,494.8,0.274,0.774,37,5,7.78,0.545,0.012,0
0,302.6,0.01,0.805,14,2,11.62,0.52,0.049,0
0,271.5,0.277,0.951,8,2,5.64,0.336,0.132,0
0,125.9,0.111,0.272,36,5,8.67,0.49,0.03,0
0,275.6,0.061,0.383,53,0,18.2,0.034,0.229,0
0,405.2,0.119,0.909,40,0,5.5,0.0,0,0
0,480.7,0.131,0.316,43,2,2.48,0.059,0.157,0
0,328.1,0.061,0.919,36,1,10.15,0.188,0,0
0,367.1,0.332,0.896,9,0,9.6,0.0,0,0
1,0.0,0.077,0.538,39,0,10.9,0.11,0.045,0
0,228.8,0.093,0.502,68,0,6.2,0.022,0,0
0,443.4,0.173,0.49,20,5,9.94,0.527,0.006,0
0,19.8,0.091,0.347,33,0,23.3,0.136,0,0
0,175.6,0.345,0.565,60,5,13.4,0.575,0.081,1
1,0.0,0.253,0.425,51,0,6.2,0.112,0,1
0,36.7,0.001,0.66,5,3,3.4,0.41,0.058,0
0,161.1,0.139,0.454,12,2,3.18,0.29,0.108,0
0,31.9,0.154,0.414,74,0,23.8,0.029,0.021,0
1,0.0,0.08,0.872,28,4,10.46,0.554,0.146,1
0,243.4,0.028,0.862,8,6,14.75,0.797,0.206,0
0,486.4,0.283,0.294,26,1,14.96,0.227,0,0
0,166.7,0.254,0.567,11,2,12.92,0.029,0.028,0
1,0.0,0.183,0.337,9,5,8.95,0.562,0.086,1
0,285.7,0.035,0.928,29,1,6.05,0.014,0.06,0
0,312.9,0.238,0.748,39,1,1.21,0.319,0,0
0,19.9,0.286,0.781,69,1,2.45,0.257,0.036,1
0,306.4,0.031,0.744,19,4,13.07,0.38,0.092,0
0,42.2,0.248,0.744,9,0,9.3,0.097,0.012,0
0,459.8,0.247,0.547,31,6,13.88,0.659,0.025,0
0,301.1,0.062,0.495,61,1,11.36,0.119,0,0
1,0.0,0.273,0.742,55,1,9.95,0.189,0,1
0,242.3,0.046,0.256,49,5,12.17,0.461,0.246,0
0,427.3,0.161,0.704,2,2,8.98,0.168,0.359,0
0,285.1,0.208,0.317,73,2,14.83,0.124,0,0
0,102.3,0.181,0.87,5,2,10.08,0.407,0,0
0,498.8,0.091,0.729,7,5,12.33,0.463,0.155,0
0,454.2,0.235,0.357,10,0,12.3,0.0,0,0
1,0.0,0.267,0.961,70,1,5.65,0.147,0,1
0,296.9,0.162,0.83,7,5,14.19,0.463,0.201,0
1,0.0,0.042,0.444,75,0,8.4,0.082,0.128,0
0,80.2,0.302,0.611,59,2,9.7,0.158,0.114,0
0,292.4,0.055,0.502,27,2,6.72,0.24,0.051,0
0,447.1,0.265,0.656,50,1,10.56,0.116,0.027,0
0,256.6,0.107,0.477,44,3,11.05,0.275,0.009,0
0,498.1,0.172,0.785,30,0,10.7,0.0,0.044,0
0,298.9,0.059,0.828,33,6,4.21,0.619,0.045,1
0,33.6,0.041,0.606,21,0,10.1,0.045,0.046,0
0,334.2,0.232,0.748,28,0,17.8,0.0,0.006,0
1,0.0,0.07,0.99,36,2,4.78,0.135,0.141,1
0,347.2,0.168,0.619,67,5,10.2,0.576,0.078,0
0,453.3,0.226,0.487,22,0,7.5,0.038,0.06,0
0,186.5,0.237,0.319,76,0,26.3,0.018,0.008,0
1,0.0,0.094,0.469,67,2,6.3,0.334,0,1
0,402.0,0.227,0.654,74,0,7.6,0.147,0.001,0
1,0.0,0.133,0.854,65,3,13.85,0.305,0.112,1
0,41.0,0.229,0.745,8,5,3.75,0.745,0.005,1
1,0.0,0.033,0.602,32,0,26.0,0.032,0,0
0,15.7,0.327,0.897,60,0,23.8,0.012,0.115,0
1,0.0,0.225,0.309,25,5,7.0,0.667,0.104,1
0,490.5,0.261,0.489,10,4,0.5,0.715,0.109,0
1,0.0,0.197,0.934,35,0,25.4,0.0,0.09,0
1,0.0,0.21,0.54,69,6,3.72,0.548,0.176,1
1,0.0,0.131,0.342,64,2,2.05,0.232,0.01,1
0,115.6,0.289,0.329,28,0,28.2,0.12,0,0
1,0.0,0.335,0.253,75,4,14.06,0.342,0.099,1
1,0.0,0.273,0.375,65,0,14.7,0.0,0,0
1,0.0,0.321,0.847,44,3,12.17,0.347,0.12,1
1,0.0,0.105,0.798,11,6,3.65,0.69,0.173,1
0,490.9,0.228,0.722,40,0,24.0,0.0,0,0
0,340.4,0.313,0.775,80,4,2.04,0.426,0.068,1
0,491.9,0.239,0.775,44,1,11.43,0.177,0.194,0
0,311.9,0.236,0.822,10,2,3.95,0.288,0,0
0,199.9,0.335,0.598,80,1,3.44,0.294,0.158,0
0,416.7,0.319,0.627,4,1,11.75,0.231,0.035,0
0,481.6,0.257,0.524,10,1,2.39,0.286,0,0
0,238.5,0.328,0.44,75,6,9.43,0.589,0,1
0,267.4,0.335,0.538,28,4,8.29,0.408,0.097,0
0,335.0,0.116,0.702,14,3,14.95,0.476,0,0
0,127.8,0.225,0.274,40,2,13.78,0.258,0.124,0
1,0.0,0.253,0.891,34,4,12.14,0.422,0.058,1
1,0.0,0.029,0.814,13,4,0.61,0.561,0.159,1
0,433.8,0.148,0.747,26,6,12.34,0.787,0.103,1
0,52.9,0.019,0.647,52,1,6.41,0.174,0,0
0,18.3,0.236,0.646,73,5,1.16,0.754,0,1
0,307.2,0.099,0.784,78,3,2.77,0.349,0.075,1
1,0.0,0.103,0.65,34,0,18.8,0.002,0.036,0
1,0.0,0.192,0.721,37,1,6.48,0.154,0,1
0,100.2,0.216,0.359,9,0,26.3,0.343,0,0
0,339.1,0.088,0.606,39,2,2.36,0.28,0.029,0
1,0.0,0.024,0.534,3,6,4.93,0.539,0,1
0,92.6,0.11,0.718,46,2,2.45,0.316,0.032,0
0,228.2,0.271,0.371,4,0,26.0,0.085,0.016,0
0,366.4,0.312,0.827,7,2,11.65,0.231,0.055,0
0,276.3,0.35,0.356,31,1,13.43,0.0,0,0
0,204.4,0.176,0.838,3,6,2.9,0.738,0,1
0,287.5,0.198,0.603,36,0,10.5,0.014,0.052,0
0,263.8,0.277,0.555,76,0,29.5,0.072,0,0
1,0.0,0.222,0.45,12,5,3.02,0.496,0,1
1,0.0,0.088,0.49,37,3,11.99,0.194,0.057,1
0,225.6,0.08,0.4,58,0,14.1,0.04,0.011,0
0,245.9,0.168,0.703,29,0,11.1,0.231,0.124,0
0,318.5,0.014,0.348,58,4,14.39,0.346,0,0
0,474.2,0.076,0.944,60,1,12.54,0.169,0,0
0,315.4,0.179,0.5,23,5,9.06,0.562,0.128,0
1,0.0,0.24,0.374,3,5,1.07,0.742,0.07,1
0,55.7,0.231,0.251,26,4,6.6,0.559,0,0
0,396.9,0.133,0.931,8,0,15.6,0.152,0.046,0
0,148.8,0.307,0.253,81,5,8.08,0.454,0.04,1
0,187.5,0.054,0.433,13,2,8.69,0.424,0,0
0,379.9,0.145,0.498,10,3,4.18,0.318,0.119,0
0,376.4,0.156,0.545,38,4,9.4,0.293,0.04,0
0,482.6,0.002,0.608,5,2,1.78,0.392,0.127,0
0,310.8,0.182,0.683,59,6,7.67,0.548,0.206,1
1,0.0,0.1,0.633,52,5,2.96,0.622,0.063,1
0,392.0,0.124,0.38,80,0,28.0,0.05,0,0
1,0.0,0.32,0.772,53,5,14.46,0.452,0.073,1
1,0.0,0.037,0.481,67,4,14.37,0.452,0.154,1
1,0.0,0.088,0.695,50,2,14.44,0.143,0.073,1
0,136.3,0.134,0.416,41,2,14.35,0.238,0.039,0
0,131.6,0.033,0.503,11,0,16.9,0.0,0.185,0
0,254.5,0.07,0.409,56,1,12.63,0.391,0,0
0,460.9,0.237,0.254,12,0,26.2,0.0,0.1,0
1,0.0,0.304,0.709,16,1,6.27,0.027,0.05,1
1,0.0,0.28,0.275,37,2,12.98,0.268,0,1
0,347.7,0.004,0.314,35,5,13.0,0.633,0.074,0
0,241.0,0.215,0.504,28,2,5.79,0.161,0.101,0
0,409.0,0.252,0.841,56,0,25.0,0.0,0.043,0
0,96.5,0.175,0.74,19,1,4.14,0.17,0.031,0
0,408.8,0.167,0.674,48,2,5.72,0.285,0,0
0,19.7,0.042,0.407,8,6,9.91,0.729,0.174,1
0,389.6,0.156,0.436,63,0,21.0,0.168,0.125,0
1,0.0,0.2,0.446,41,2,9.97,0.216,0,1
0,376.5,0.182,0.37,79,0,23.2,0.178,0,0
0,113.2,0.139,0.751,11,0,5.7,0.0,0.132,0
0,51.3,0.326,0.406,45,3,9.58,0.389,0.154,1
0,27.2,0.125,0.61,12,1,8.45,0.311,0.196,0
0,319.2,0.223,0.672,13,1,13.68,0.117,0,0
0,226.5,0.128,0.256,15,0,13.6,0.037,0.052,0
0,156.8,0.268,0.808,11,2,3.23,0.136,0.113,0
0,90.0,0.258,0.418,71,2,9.57,0.072,0.035,0
0,149.5,0.26,0.805,58,0,12.2,0.0,0,0
0,353.2,0.172,0.277,13,0,9.6,0.113,0.088,0
0,54.2,0.005,0.449,18,2,7.22,0.093,0.068,0
0,37.5,0.271,0.375,49,2,12.51,0.373,0.145,0
0,131.1,0.348,0.767,15,6,14.74,0.822,0,1
0,468.7,0.056,0.657,66,1,7.48,0.121,0.122,0
0,125.6,0.152,0.413,66,2,11.94,0.298,0.073,0
0,347.3,0.054,0.555,2,2,14.0,0.39,0.048,0
1,0.0,0.277,0.462,10,6,11.47,0.703,0.079,1
0,20.5,0.132,0.274,25,4,4.77,0.429,0.001,1
0,144.9,0.291,0.563,24,1,12.38,0.235,0,0
1,0.0,0.133,0.727,35,5,3.96,0.523,0,1
1,0.0,0.239,0.417,29,6,5.17,0.626,0.147,1
0,419.2,0.045,0.541,69,0,19.3,0.126,0,0
0,34.1,0.077,0.757,19,0,16.7,0.025,0.001,0
0,412.8,0.278,0.452,76,0,25.9,0.112,0.076,0
0,270.5,0.066,0.655,59,4,11.36,0.444,0.017,0
1,0.0,0.125,0.562,68,0,24.8,0.0,0.021,0
1,0.0,0.155,0.679,40,2,6.48,0.147,0,1
0,308.1,0.197,0.602,49,2,14.44,0.155,0.076,0
1,0.0,0.006,0.491,43,1,3.61,0.0,0,1
0,460.4,0.179,0.371,77,3,5.66,0.412,0.108,0
0,55.0,0.14,0.778,20,0,17.2,0.014,0.15,0
0,301.7,0.105,0.757,39,2,13.26,0.039,0.124,0
1,0.0,0.325,0.533,42,4,1.1,0.718,0.006,1
1,0.0,0.244,0.66,31,3,11.42,0.311,0.034,1
0,74.8,0.029,0.656,48,0,15.0,0.123,0,0
0,245.7,0.069,0.389,3,4,4.07,0.606,0.11,0
0,65.1,0.145,0.455,5,6,0.85,1.0,0,1
1,0.0,0.288,0.563,52,1,10.44,0.24,0.157,1
0,475.0,0.324,0.632,67,1,7.03,0.234,0.104,0
1,0.0,0.074,0.426,20,5,11.08,0.648,0.146,1
1,0.0,0.015,0.364,2,1,1.27,0.315,0.044,1
0,333.6,0.232,0.319,44,6,6.1,0.768,0.038,0
0,434.7,0.186,0.83,10,0,6.0,0.0,0.11,0
0,202.8,0.055,0.506,43,1,14.94,0.23,0.041,0
0,446.3,0.285,1.0,53,0,13.5,0.079,0.016,0
0,265.2,0.237,0.55,8,0,15.7,0.0,0.151,0
0,294.7,0.239,0.488,14,0,15.8,0.067,0.165,0
1,0.0,0.321,0.554,66,0,12.9,0.167,0,1
0,481.0,0.106,0.464,57,0,8.3,0.0,0.281,0
1,0.0,0.093,0.667,52,6,0.88,0.953,0.117,1
0,358.9,0.131,0.342,57,1,0.97,0.444,0.051,0
0,475.6,0.078,0.856,73,0,28.2,0.25,0.036,0
0,444.9,0.15,0.827,41,2,9.37,0.256,0.045,0
1,0.0,0.224,0.557,76,1,8.02,0.021,0.13,1
0,103.0,0.154,0.462,60,2,4.77,0.207,0.157,0
0,237.2,0.226,0.333,7,4,2.46,0.356,0.095,0
0,442.4,0.032,0.903,61,0,7.3,0.17,0.019,0
0,266.7,0.134,0.362,11,2,1.14,0.443,0.114,0
0,435.7,0.063,0.451,24,1,9.58,0.006,0.081,0
0,11.7,0.268,0.815,12,0,20.2,0.0,0.052,0
0,48.9,0.21,0.464,10,1,1.21,0.207,0.119,0
0,81.2,0.011,0.477,70,0,7.7,0.109,0.048,0
1,0.0,0.2,0.519,7,2,14.01,0.394,0.106,1
0,449.8,0.287,0.299,21,0,8.1,0.107,0,0
0,309.9,0.038,0.31,4,1,6.69,0.185,0.086,0
1,0.0,0.348,0.729,18,4,11.07,0.268,0.052,1
0,489.8,0.001,0.784,55,5,14.99,0.501,0,0
1,0.0,0.282,0.361,45,1,11.96,0.108,0.139,1
0,177.3,0.254,0.907,57,2,12.59,0.26,0.131,0
0,400.7,0.226,0.522,13,2,7.21,0.34,0,0
1,0.0,0.254,0.263,8,6,5.31,0.692,0.173,1
0,485.1,0.098,0.486,13,0,19.3,0.0,0.119,0
0,357.8,0.095,0.409,24,1,3.63,0.025,0.037,0
0,391.1,0.32,0.793,17,0,9.8,0.194,0,0
0,387.0,0.034,0.346,77,3,6.12,0.324,0.076,0
0,466.8,0.24,0.507,76,0,18.0,0.003,0,0
0,167.2,0.067,0.775,66,1,2.67,0.109,0.048,0
1,0.0,0.196,0.46,41,1,2.55,0.127,0,1
1,0.0,0.312,0.336,21,6,1.23,0.838,0.025,1
0,97.7,0.209,0.74,24,5,5.66,0.517,0.096,1
0,487.1,0.265,0.314,22,0,16.4,0.0,0,0
0,240.6,0.332,0.725,35,2,3.16,0.328,0.014,0
0,24.8,0.166,0.817,45,2,9.26,0.182,0.076,1
0,169.7,0.227,0.523,29,1,9.5,0.0,0,0
1,0.0,0.151,0.486,51,0,21.6,0.111,0.213,0
1,0.0,0.293,0.574,10,0,25.6,0.162,0.229,0
1,0.0,0.27,0.656,74,0,10.4,0.07,0.118,1
0,381.0,0.231,0.515,8,3,3.34,0.314,0,0
0,460.1,0.328,0.716,3,4,6.36,0.356,0.096,0
0,451.5,0.339,0.849,36,0,26.5,0.099,0.006,0
0,358.8,0.142,0.707,21,0,9.7,0.0,0,0
0,85.6,0.349,0.257,79,0,23.0,0.0,0.057,0
0,431.5,0.313,0.736,23,4,6.65,0.447,0.084,0
0,101.0,0.212,0.74,17,1,6.46,0.058,0.028,0
0,65.5,0.169,0.681,46,3,8.0,0.332,0,1
0,241.5,0.26,0.611,7,1,9.39,0.252,0,0
0,291.2,0.116,0.881,44,0,5.9,0.057,0.168,0
1,0.0,0.091,0.363,75,6,14.86,0.701,0,1
1,0.0,0.027,0.626,46,1,0.71,0.34,0.088,1
1,0.0,0.259,0.783,48,1,7.53,0.211,0,1
0,301.8,0.288,0.556,32,1,10.08,0.185,0.043,0
1,0.0,0.257,0.398,67,0,9.2,0.0,0.09,1
1,0.0,0.082,0.596,63,4,13.12,0.283,0.233,1
0,197.2,0.11,0.28,13,6,5.63,0.727,0,0
0,140.9,0.034,0.573,51,6,9.04,0.585,0.075,1
0,163.5,0.004,0.259,69,4,2.01,0.384,0.069,0
0,313.5,0.02,0.843,5,6,2.27,0.714,0.083,1
1,0.0,0.045,0.729,58,0,22.4,0.048,0.14,0
0,387.0,0.242,0.489,61,0,11.9,0.0,0.123,0
0,136.5,0.284,0.575,56,5,6.19,0.521,0.02,1
1,0.0,0.225,0.325,72,0,19.3,0.023,0.05,0
0,82.9,0.224,0.442,39,2,8.83,0.014,0.032,0
0,274.7,0.001,0.56,36,2,10.39,0.256,0,0
0,189.0,0.299,0.512,44,6,3.45,0.403,0,1
0,449.3,0.221,0.843,25,1,2.53,0.079,0.095,0
1,0.0,0.083,0.558,42,3,8.24,0.405,0,1
0,175.5,0.252,0.718,15,3,14.13,0.349,0.118,0
1,0.0,0.082,0.329,79,3,13.65,0.295,0.01,1
0,453.3,0.287,0.363,6,0,25.4,0.036,0.124,0
1,0.0,0.077,0.786,30,2,2.25,0.199,0,1
0,384.5,0.208,0.406,28,0,22.4,0.283,0,0
1,0.0,0.014,0.724,33,0,5.4,0.039,0.051,0
1,0.0,0.31,0.82,21,0,10.2,0.089,0,1
0,127.2,0.061,0.752,3,0,20.7,0.069,0,0
0,493.4,0.342,0.737,12,4,3.68,0.452,0.065,0
0,36.0,0.039,0.947,21,3,3.06,0.336,0.029,1
0,133.2,0.216,0.665,13,0,9.0,0.0,0.145,0
0,448.6,0.252,0.539,40,1,11.8,0.129,0.082,0
0,446.8,0.026,0.847,63,1,13.95,0.0,0,0
0,234.3,0.068,0.41,65,0,22.3,0.1,0.066,0
0,382.6,0.077,0.803,3,0,19.5,0.0,0,0
0,429.9,0.171,0.836,46,0,23.3,0.043,0,0
1,0.0,0.331,0.572,76,0,29.8,0.166,0.04,0
0,270.2,0.168,0.409,10,0,22.3,0.0,0.081,0
0,17.8,0.234,0.876,7,0,29.4,0.107,0.007,0
0,100.6,0.305,0.674,72,2,13.45,0.237,0.068,0
1,0.0,0.19,0.311,39,0,17.9,0.086,0.114,0
0,64.4,0.128,0.455,10,0,19.0,0.058,0.007,0
0,371.3,0.263,0.813,40,2,13.52,0.357,0,0
0,41.1,0.121,0.814,21,4,10.34,0.369,0.036,0
0,102.3,0.309,0.762,45,0,7.7,0.0,0.03,0
0,83.7,0.071,0.483,12,0,16.8,0.0,0.113,0
0,437.2,0.081,0.542,38,6,9.87,0.659,0.0,0
1,0.0,0.295,0.624,42,0,24.7,0.064,0.126,0
0,183.0,0.16,0.363,13,1,3.14,0.338,0.107,0
0,89.0,0.041,0.554,34,0,10.1,0.011,0,0
0,274.5,0.057,0.264,18,0,28.7,0.042,0.092,0
1,0.0,0.341,0.46,44,5,10.17,0.599,0,1
0,368.5,0.315,0.334,78,2,9.45,0.207,0.064,0
0,37.0,0.224,0.781,46,1,0.83,0.195,0.029,1
1,0.0,0.138,0.631,74,6,5.74,0.612,0.144,1
0,199.2,0.004,0.876,10,0,10.4,0.175,0,0
0,404.8,0.34,0.552,6,5,1.75,0.755,0.074,0
1,0.0,0.345,0.711,33,0,5.2,0.0,0.001,1
1,0.0,0.264,0.749,44,4,7.61,0.549,0.08,1
1,0.0,0.106,0.414,81,0,11.6,0.232,0.009,0
0,214.4,0.172,0.323,46,3,14.92,0.375,0.171,0
1,0.0,0.168,0.734,21,0,14.3,0.048,0.035,0
0,166.6,0.307,0.284,35,2,9.73,0.382,0.074,0
0,269.5,0.328,0.627,69,5,11.41,0.355,0.006,1
0,143.0,0.244,0.581,63,0,8.4,0.0,0.023,0
0,176.8,0.319,0.552,57,4,9.39,0.51,0,1
0,214.5,0.321,0.943,20,2,5.02,0.225,0,0
1,0.0,0.183,0.43,66,1,2.37,0.098,0,1
0,218.2,0.267,0.692,26,0,9.9,0.114,0.165,0
1,0.0,0.021,0.284,43,6,0.65,0.842,0.073,1
0,100.5,0.123,0.69,46,5,5.54,0.471,0.1,1
1,0.0,0.085,0.717,80,4,3.65,0.479,0.111,1
0,462.9,0.322,0.627,25,6,14.39,0.578,0.082,0
0,217.8,0.18,0.821,66,3,2.1,0.461,0.152,1
0,50.3,0.173,0.622,42,6,14.65,0.527,0,1
0,492.6,0.15,0.868,34,0,5.3,0.0,0,0
0,68.4,0.138,0.836,60,0,14.1,0.124,0.067,0
0,70.2,0.293,0.692,7,5,4.46,0.585,0,1
1,0.0,0.333,0.35,23,0,8.1,0.117,0,0
0,24.6,0.258,0.268,59,2,9.27,0.211,0.11,0
1,0.0,0.269,0.647,19,4,4.29,0.332,0,1
1,0.0,0.006,0.954,66,2,7.03,0.315,0,1
0,443.5,0.057,0.665,19,0,19.2,0.064,0,0
1,0.0,0.2,0.358,74,2,4.32,0.168,0.008,1
0,167.0,0.01,0.463,7,0,24.1,0.0,0,0
0,179.1,0.125,0.387,51,6,5.03,0.781,0.112,1
0,19.7,0.114,0.55,16,2,4.37,0.214,0.015,0
0,195.1,0.137,0.528,55,2,7.7,0.306,0,0
0,108.9,0.222,0.657,45,1,1.19,0.373,0.131,0
0,316.0,0.335,0.442,73,5,12.12,0.482,0.058,1
0,257.3,0.105,0.386,30,1,9.56,0.011,0,0
0,441.6,0.22,0.694,54,6,14.45,0.645,0,0
1,0.0,0.298,0.817,74,4,3.41,0.403,0,1
0,423.6,0.144,0.851,47,1,9.87,0.145,0.158,0
0,23.6,0.279,0.625,26,2,9.88,0.277,0.096,0
0,24.3,0.276,0.375,76,3,11.84,0.55,0.108,1
0,451.3,0.142,0.888,31,0,10.9,0.127,0,0
0,265.8,0.29,0.79,51,5,2.27,0.581,0,1
0,468.4,0.076,0.822,25,2,4.19,0.2,0,0
0,352.8,0.04,0.701,46,0,14.1,0.01,0,0
1,0.0,0.012,0.291,51,1,8.51,0.184,0,1
0,452.5,0.24,0.91,32,0,27.7,0.0,0.188,0
0,155.7,0.301,0.742,29,0,11.9,0.093,0.172,0
0,240.8,0.145,0.89,69,0,22.5,0.0,0.047,0
0,232.1,0.01,0.38,25,6,2.47,0.54,0,0
0,292.1,0.039,0.909,65,5,10.44,0.573,0,0
0,95.0,0.208,0.399,28,2,3.14,0.272,0.187,0
1,0.0,0.079,0.755,52,0,29.4,0.1,0.168,0
0,304.2,0.052,0.585,80,4,6.81,0.538,0.127,0
0,68.1,0.25,0.893,47,1,11.32,0.072,0.107,0
0,366.1,0.066,0.345,44,1,3.91,0.217,0,0
1,0.0,0.239,0.517,40,2,10.46,0.214,0,1
0,282.9,0.018,0.487,4,6,14.52,0.573,0,0
0,12.6,0.177,0.499,34,0,29.2,0.0,0.011,0
0,440.2,0.046,0.566,48,0,12.8,0.168,0.143,0
0,376.4,0.324,0.455,48,4,5.04,0.518,0.007,0
0,282.3,0.323,0.29,62,0,10.7,0.044,0.111,0
0,223.9,0.348,0.45,10,3,7.14,0.471,0.133,0
0,435.4,0.063,0.859,9,6,8.99,0.724,0,0
1,0.0,0.268,0.3,18,6,1.87,0.761,0.108,1
0,299.3,0.333,0.298,20,3,9.61,0.344,0.036,0
0,485.2,0.23,0.711,9,0,10.3,0.187,0.085,0
0,278.1,0.211,0.366,30,0,5.5,0.08,0.071,0
0,149.6,0.263,0.426,26,1,13.6,0.075,0.004,0
0,249.9,0.31,0.622,70,2,12.26,0.304,0,0
0,55.5,0.18,0.716,62,3,8.15,0.325,0.023,1
0,157.2,0.344,0.906,15,2,4.78,0.258,0.08,0
0,261.6,0.179,0.627,9,1,5.65,0.003,0,0
0,98.0,0.064,0.483,43,2,9.01,0.267,0,0
1,0.0,0.283,0.938,58,1,3.18,0.147,0,1
1,0.0,0.006,0.35,20,3,10.53,0.316,0.191,0
1,0.0,0.254,0.932,35,6,14.47,0.568,0,1
0,64.8,0.006,0.409,63,6,4.01,0.678,0.136,1
1,0.0,0.067,0.36,27,0,7.9,0.184,0,0
0,431.3,0.205,0.764,31,0,13.3,0.089,0.174,0
0,489.9,0.297,0.638,44,0,17.2,0.0,0.059,0
0,123.6,0.021,0.458,73,1,13.45,0.053,0,0
0,315.1,0.226,0.265,45,1,7.3,0.04,0.086,0
1,0.0,0.299,0.842,32,2,12.58,0.17,0,1
0,401.9,0.296,0.664,70,6,7.5,0.677,0.091,1
0,158.8,0.073,0.537,48,2,10.32,0.259,0.122,0
1,0.0,0.011,0.322,52,0,19.0,0.0,0.072,0
1,0.0,0.094,0.914,4,6,2.01,0.483,0.234,1
0,481.7,0.265,0.707,68,4,1.11,0.711,0.119,1
0,366.9,0.248,0.833,62,6,5.77,0.49,0.067,1
0,225.2,0.146,0.744,38,1,7.82,0.233,0.089,0
0,84.3,0.264,0.353,27,2,13.81,0.155,0.208,0
1,0.0,0.278,0.6,80,4,14.18,0.525,0.085,1
0,202.7,0.013,0.589,15,1,6.58,0.143,0.144,0
0,363.6,0.11,0.404,14,5,13.85,0.517,0,0
1,0.0,0.228,0.852,30,1,13.27,0.27,0.136,1
0,365.3,0.259,0.618,54,0,17.8,0.015,0.118,0
1,0.0,0.207,0.481,27,4,2.1,0.434,0.122,1
1,0.0,0.124,0.947,24,1,8.8,0.241,0.052,1
1,0.0,0.198,0.858,52,2,4.84,0.415,0,1
1,0.0,0.235,0.418,40,4,8.94,0.492,0,1
0,50.2,0.022,0.549,34,6,8.13,0.741,0,1
0,437.3,0.205,0.54,19,2,12.45,0.282,0.083,0
1,0.0,0.302,0.578,77,0,28.6,0.0,0,1
1,0.0,0.298,0.582,76,4,2.72,0.238,0.227,1
0,79.6,0.206,0.488,45,1,3.15,0.259,0.05,0
1,0.0,0.122,0.622,9,3,13.55,0.372,0,1
0,257.3,0.161,0.357,40,0,25.0,0.0,0.008,0
0,451.1,0.119,0.953,46,6,1.78,0.811,0.065,0
0,284.9,0.043,0.794,12,5,11.49,0.425,0.144,0
0,256.3,0.007,0.39,79,1,11.91,0.155,0.175,0
1,0.0,0.212,0.594,79,2,6.84,0.18,0,1
0,197.2,0.032,0.447,58,1,11.64,0.29,0.213,0
0,98.9,0.25,0.458,29,2,4.24,0.219,0.21,0
0,109.3,0.263,0.56,17,2,14.27,0.239,0.12,0
0,209.7,0.082,0.847,69,1,11.56,0.138,0.026,0
1,0.0,0.142,0.63,63,2,8.34,0.287,0.102,1
1,0.0,0.158,0.971,2,1,9.97,0.075,0.064,1
0,143.9,0.088,0.478,54,5,12.69,0.538,0.097,0
0,203.7,0.043,0.979,26,1,9.35,0.142,0.118,0
0,321.2,0.343,0.661,40,2,3.55,0.336,0.032,0
0,308.3,0.001,0.547,19,2,8.3,0.222,0.077,0
0,273.9,0.312,0.331,33,5,5.69,0.626,0.173,0
0,191.5,0.068,0.262,46,6,13.86,0.638,0.028,0
1,0.0,0.219,0.551,35,0,12.0,0.179,0,1
0,64.4,0.097,0.62,9,6,10.39,0.714,0.023,1
0,375.5,0.045,0.92,46,1,12.79,0.412,0.081,0
1,0.0,0.309,0.75,75,2,6.77,0.126,0.114,1
1,0.0,0.163,0.28,53,0,11.9,0.0,0.092,0
0,441.2,0.283,0.585,72,1,3.35,0.152,0.036,0
0,23.7,0.151,0.688,39,1,4.08,0.0,0.083,0
1,0.0,0.278,0.708,69,6,6.97,0.489,0.203,1
0,194.9,0.312,0.297,25,0,12.5,0.024,0.029,0
0,426.5,0.141,0.423,5,6,9.55,0.535,0,0
0,441.2,0.217,0.73,78,3,8.0,0.309,0.03,0
1,0.0,0.276,0.348,16,1,5.65,0.162,0,0
0,129.1,0.279,0.589,16,6,11.44,0.572,0.204,1
0,305.6,0.102,0.697,63,0,10.9,0.0,0.093,0
0,216.8,0.068,0.393,73,2,3.25,0.098,0.069,0
1,0.0,0.198,0.543,61,0,16.4,0.081,0.056,0
0,460.8,0.224,0.393,20,2,12.21,0.178,0.107,0
0,46.1,0.011,0.51,7,2,1.14,0.39,0.102,0
0,117.3,0.092,0.599,59,1,0.81,0.421,0,1
0,330.9,0.31,0.488,51,2,12.24,0.27,0,0
1,0.0,0.309,0.762,65,1,3.28,0.08,0.104,1
0,461.3,0.267,0.571,62,2,4.08,0.089,0.005,0
0,427.2,0.339,0.299,21,6,9.42,0.699,0.119,0
0,254.3,0.162,0.634,20,3,7.37,0.238,0,0
1,0.0,0.227,0.372,51,2,3.67,0.163,0.085,1
0,279.8,0.047,0.572,52,5,1.1,0.86,0,1
0,239.1,0.143,0.491,59,3,3.89,0.292,0,0
1,0.0,0.191,0.945,69,0,6.8,0.145,0.102,1
0,340.8,0.088,0.395,4,0,30.0,0.052,0,0
0,148.1,0.121,0.899,80,3,9.98,0.343,0.246,1
0,121.5,0.253,0.596,11,3,10.98,0.178,0.084,0
0,112.7,0.157,0.328,65,1,14.18,0.21,0.196,0
0,176.5,0.147,0.815,13,1,5.23,0.324,0.07,0
0,288.4,0.28,0.52,33,1,14.26,0.123,0.123,0
0,63.2,0.199,0.466,60,0,21.9,0.132,0.185,0
0,44.1,0.337,0.425,14,0,16.4,0.036,0.042,0
0,431.3,0.144,0.353,28,3,11.28,0.184,0.161,0
0,221.8,0.248,0.589,42,5,3.44,0.745,0.032,1
0,13.6,0.05,0.71,50,4,5.27,0.345,0.011,1
0,151.1,0.308,0.789,43,2,9.39,0.257,0.068,0
0,98.0,0.216,0.851,58,5,1.89,0.691,0.027,1
1,0.0,0.102,0.77,54,3,6.46,0.311,0.053,1
0,47.5,0.037,0.357,55,4,1.15,0.741,0.069,1
0,375.5,0.3,0.39,64,2,10.22,0.151,0,0
0,278.7,0.085,0.734,61,0,26.0,0.001,0.019,0
0,48.0,0.267,0.523,59,1,10.86,0.266,0.127,0
0,351.4,0.293,0.759,68,2,10.51,0.123,0.087,0
0,465.1,0.131,0.26,78,0,13.4,0.079,0.092,0
0,479.8,0.034,0.349,28,4,2.06,0.39,0.141,0
1,0.0,0.138,0.374,36,2,3.02,0.313,0,1
0,114.3,0.077,0.737,34,0,6.7,0.067,0.116,0
0,359.1,0.277,0.816,5,2,14.73,0.084,0.01,0
0,172.7,0.222,0.776,73,2,0.76,0.493,0.004,0
1,0.0,0.206,0.626,66,1,3.93,0.139,0,1
0,39.4,0.131,0.475,77,1,13.89,0.0,0,0
0,165.6,0.275,0.915,45,0,10.7,0.0,0.042,0
0,274.3,0.317,0.891,53,5,13.15,0.487,0.043,1
0,44.3,0.067,1.001,65,0,9.3,0.023,0,0
0,125.8,0.027,0.705,50,2,3.06,0.251,0.116,0
0,432.6,0.168,0.359,25,2,7.83,0.295,0.037,0
0,19.7,0.133,0.932,5,4,2.72,0.439,0,1
0,285.4,0.168,0.522,62,1,0.56,0.325,0.134,0
0,250.8,0.324,0.545,19,1,9.8,0.063,0.007,0
0,466.7,0.057,0.859,37,4,10.78,0.505,0,0
0,328.9,0.324,0.271,35,6,10.75,0.796,0.071,1
0,134.6,0.211,0.259,70,6,10.82,0.759,0,1
0,264.1,0.066,0.502,43,4,14.53,0.397,0,0
0,63.5,0.2,0.452,55,2,10.64,0.346,0.099,0
0,10.8,0.024,0.695,26,0,9.4,0.071,0.09,0
0,230.8,0.285,0.7,57,1,14.75,0.16,0.11,0
1,0.0,0.038,0.423,33,0,11.9,0.0,0.139,0
0,14.7,0.093,0.818,76,0,10.3,0.071,0.07,0
1,0.0,0.345,0.619,38,5,6.73,0.405,0.172,1
0,335.9,0.132,0.94,69,0,16.4,0.049,0.009,0
0,22.6,0.043,0.684,50,2,7.05,0.171,0,0
0,493.2,0.335,0.448,76,2,10.33,0.236,0.059,0
1,0.0,0.278,0.865,21,6,12.93,0.785,0,1
0,436.2,0.307,0.529,70,1,12.57,0.213,0.286,0
0,92.3,0.156,0.612,50,1,2.97,0.296,0.007,1
0,88.5,0.325,0.413,49,6,7.41,0.845,0.083,1
0,462.1,0.222,0.644,53,5,11.61,0.434,0,0
0,330.4,0.275,0.418,67,1,1.77,0.411,0.161,0
0,374.9,0.041,0.432,33,5,11.19,0.5,0.149,0
0,166.6,0.128,0.349,4,5,3.72,0.642,0,0
0,164.8,0.286,0.63,23,0,20.0,0.14,0.144,0
1,0.0,0.112,0.349,8,3,9.65,0.202,0.064,1
0,38.8,0.284,0.41,53,0,28.1,0.082,0,0
0,495.6,0.192,0.562,37,2,6.17,0.167,0,0
0,353.5,0.192,0.686,7,0,26.2,0.022,0,0
0,152.6,0.051,0.397,80,2,11.03,0.297,0,0
0,194.5,0.344,0.954,69,2,14.63,0.264,0.074,1
1,0.0,0.152,0.537,77,0,11.0,0.032,0,1
0,329.9,0.131,0.802,33,1,9.67,0.136,0.054,0
1,0.0,0.079,0.645,46,0,24.9,0.084,0.089,0
0,156.2,0.044,0.768,13,0,15.1,0.02,0,0
1,0.0,0.171,0.66,66,1,14.5,0.0,0.09,1
1,0.0,0.243,0.802,66,0,8.2,0.066,0.096,1
0,51.5,0.044,0.598,27,6,0.5,0.725,0,1
1,0.0,0.317,0.566,8,3,10.58,0.061,0.017,1
0,347.1,0.232,0.365,43,1,14.38,0.25,0.005,0
0,145.9,0.255,0.395,33,6,13.6,0.616,0.07,1
0,272.6,0.025,0.807,57,2,8.67,0.355,0,0
0,215.6,0.054,0.867,50,0,11.8,0.0,0.026,0
0,187.8,0.117,0.721,46,0,7.4,0.099,0.106,0
0,393.5,0.043,0.474,19,0,18.2,0.0,0,0
0,93.7,0.331,0.734,13,4,9.12,0.406,0.103,1
0,136.9,0.24,0.351,9,1,1.27,0.258,0,0
1,0.0,0.146,0.842,22,4,4.66,0.377,0.143,1
0,159.5,0.3,0.453,70,6,1.65,0.77,0,1
0,281.5,0.172,0.585,16,0,17.0,0.08,0,0
1,0.0,0.244,0.355,81,2,10.69,0.25,0,1
1,0.0,0.239,0.925,14,1,3.03,0.0,0.021,1
0,476.7,0.148,0.822,38,6,4.12,0.485,0.017,0
0,139.7,0.001,0.4,42,6,7.98,0.707,0.197,0
1,0.0,0.297,0.644,39,1,5.63,0.36,0.055,1
0,221.1,0.069,0.355,66,3,0.6,0.586,0.057,0
0,203.7,0.105,0.663,47,0,29.7,0.0,0,0
0,186.0,0.305,0.415,64,2,6.61,0.378,0.04,0
0,474.7,0.336,0.534,18,6,10.86,0.573,0.171,0
0,74.4,0.335,0.45,80,6,3.93,0.57,0.018,1
1,0.0,0.258,0.439,71,2,4.09,0.319,0.128,1
0,497.2,0.087,0.674,68,4,9.36,0.621,0.109,0
0,122.4,0.046,0.369,63,2,0.76,0.462,0.202,0
0,118.7,0.149,0.688,43,0,11.7,0.133,0.036,0
0,131.0,0.313,0.279,40,1,4.64,0.124,0.157,0
0,188.2,0.107,0.742,65,2,5.73,0.282,0.099,0
1,0.0,0.185,0.418,7,2,1.76,0.511,0.12,1
0,104.5,0.156,0.562,38,1,11.02,0.133,0.104,0
0,31.5,0.067,0.901,10,2,13.48,0.099,0.09,0
0,266.6,0.333,0.412,65,1,1.16,0.28,0,0
0,373.0,0.139,0.599,72,0,15.9,0.0,0.044,0
0,100.2,0.056,0.256,16,3,7.81,0.437,0.039,0
0,155.2,0.094,0.277,51,1,1.07,0.424,0.183,0
0,324.8,0.087,0.251,37,6,9.27,0.615,0.027,0
1,0.0,0.092,0.647,40,0,20.6,0.144,0.055,0
0,486.1,0.188,0.683,33,6,4.23,0.57,0,0
0,410.3,0.077,0.628,31,0,16.2,0.037,0,0
0,98.9,0.065,0.544,58,6,4.59,0.742,0,1
0,346.8,0.066,0.39,30,0,23.1,0.158,0.151,0
0,20.2,0.289,0.353,71,1,2.57,0.153,0.041,0
0,479.2,0.037,0.315,64,3,11.52,0.493,0,0
0,37.4,0.242,0.265,76,0,18.6,0.157,0.183,0
0,79.5,0.319,0.485,36,6,4.66,0.784,0,1
0,251.0,0.347,0.804,36,0,20.4,0.0,0.183,0
0,448.8,0.212,0.471,58,6,6.67,0.769,0,0
0,142.8,0.175,0.882,72,0,26.5,0.0,0.187,0
0,166.9,0.137,0.335,27,1,2.6,0.127,0.087,0
0,217.7,0.243,0.696,64,6,13.86,0.557,0,1
1,0.0,0.187,0.406,71,5,10.87,0.379,0.027,1
0,125.2,0.001,0.553,64,0,6.5,0.0,0,0
0,154.4,0.05,0.971,50,1,12.5,0.201,0.065,0
0,369.2,0.244,0.699,7,0,16.9,0.013,0.011,0
0,189.0,0.028,0.707,28,0,24.1,0.0,0.058,0
0,211.6,0.118,0.456,62,0,27.0,0.008,0.181,0
1,0.0,0.056,0.767,23,4,10.82,0.443,0.154,1
0,143.2,0.032,0.349,54,2,9.48,0.317,0.06,0
1,0.0,0.212,0.601,41,6,9.81,0.678,0.008,1
0,142.3,0.037,0.843,78,1,4.59,0.014,0.022,0
1,0.0,0.004,0.371,77,1,4.4,0.278,0.035,1
0,33.5,0.033,0.446,45,2,7.75,0.181,0.019,0
0,487.2,0.246,0.815,17,0,17.6,0.053,0.033,0
0,152.2,0.053,0.607,52,1,12.21,0.041,0,0
0,496.8,0.176,0.91,38,3,11.89,0.3,0.114,0
0,127.2,0.349,0.337,18,0,25.1,0.0,0.151,0
1,0.0,0.304,0.555,60,1,2.84,0.132,0.125,1
0,136.4,0.166,0.577,64,0,29.3,0.083,0,0
0,206.5,0.3,0.463,2,2,5.92,0.201,0,0
0,314.1,0.225,0.654,62,0,12.3,0.253,0.094,0
0,119.3,0.306,0.516,13,3,2.08,0.37,0.085,1
0,107.7,0.115,0.637,54,3,2.16,0.325,0,1
0,81.3,0.075,0.587,33,0,28.4,0.0,0.115,0
0,476.8,0.239,0.357,63,0,11.8,0.056,0.192,0
0,436.9,0.184,0.392,75,0,27.4,0.0,0.139,0
0,246.0,0.187,0.595,8,2,12.43,0.314,0,0
0,48.1,0.234,0.642,41,0,8.8,0.0,0.062,0
0,138.8,0.253,0.927,24,6,14.56,0.613,0.096,1
0,215.9,0.191,0.401,55,1,14.59,0.135,0.044,0
0,256.0,0.304,0.574,29,2,5.61,0.233,0,0
0,65.6,0.062,0.604,61,4,6.82,0.418,0.165,1
1,0.0,0.328,0.895,68,0,21.2,0.0,0,1
0,377.5,0.218,0.503,7,0,21.7,0.091,0.006,0
0,105.8,0.164,0.758,22,2,13.67,0.125,0,0
0,13.7,0.131,0.432,48,1,12.66,0.179,0,0
0,26.0,0.009,0.644,5,2,5.36,0.464,0.293,0
0,282.3,0.137,0.838,8,2,2.37,0.07,0,0
1,0.0,0.055,0.707,17,0,20.8,0.242,0.083,0
0,420.3,0.056,0.306,26,0,20.7,0.03,0.039,0
0,290.2,0.009,0.758,36,0,11.0,0.0,0.104,0
1,0.0,0.294,0.738,46,0,28.4,0.0,0,0
0,464.3,0.043,0.805,70,0,17.4,0.028,0,0
0,59.3,0.278,0.797,72,1,10.47,0.089,0.099,1
0,156.4,0.316,0.669,77,0,29.4,0.0,0.142,0
1,0.0,0.21,0.688,66,1,9.29,0.032,0.028,1
0,66.2,0.076,0.298,65,1,4.47,0.08,0.061,0
1,0.0,0.228,0.617,16,2,13.87,0.25,0.103,1
0,60.4,0.278,0.75,19,2,13.3,0.119,0,0
0,315.2,0.213,0.462,73,3,2.93,0.467,0.07,0
1,0.0,0.123,0.719,27,0,13.9,0.007,0.155,1
0,81.1,0.11,0.257,39,1,7.25,0.21,0,0
1,0.0,0.074,0.411,4,6,1.58,0.763,0.115,1
0,165.7,0.112,0.527,76,1,6.61,0.194,0.084,0
1,0.0,0.007,0.858,81,3,4.62,0.437,0.094,1
1,0.0,0.321,0.26,21,0,25.7,0.0,0.084,0
0,282.7,0.11,0.417,23,3,12.81,0.434,0.09,0
0,469.5,0.036,0.256,68,2,12.99,0.238,0,0
0,409.9,0.188,0.927,48,0,7.8,0.134,0.08,0
0,347.1,0.277,0.356,64,5,7.18,0.69,0.163,0
0,322.1,0.234,0.643,19,1,5.17,0.0,0.043,0
0,385.4,0.249,0.852,55,0,6.9,0.0,0.052,0
0,102.1,0.037,0.821,16,2,11.53,0.151,0.017,0
0,425.4,0.037,0.468,24,5,7.95,0.562,0,0
0,476.2,0.202,0.767,67,1,0.74,0.359,0,0
0,334.3,0.158,0.569,36,2,3.57,0.165,0.101,0
0,57.9,0.227,0.364,59,5,4.5,0.643,0,1
0,343.8,0.226,0.282,77,5,4.36,0.592,0.065,0
0,202.0,0.035,0.365,55,2,9.74,0.388,0.032,0
0,56.2,0.176,0.455,51,0,12.9,0.108,0.072,0
0,336.4,0.15,0.406,72,0,22.0,0.017,0.115,0
0,295.7,0.171,0.28,79,5,10.36,0.532,0.106,0
0,59.0,0.281,0.735,12,1,10.12,0.147,0.048,0
0,157.6,0.117,0.884,5,3,2.14,0.287,0,1
0,333.1,0.05,0.573,26,2,3.49,0.286,0.202,0
0,323.0,0.338,0.897,24,4,3.04,0.528,0.01,0
0,161.6,0.014,0.859,66,2,12.03,0.366,0,0
0,151.3,0.339,0.365,62,4,14.52,0.345,0,0
0,17.6,0.014,0.344,19,1,0.57,0.378,0,0
0,133.2,0.123,0.626,10,0,28.8,0.037,0.007,0
0,152.5,0.011,0.664,32,2,6.29,0.144,0.189,0
0,302.5,0.061,0.482,7,0,22.1,0.067,0.091,0
0,155.7,0.324,0.509,26,0,8.5,0.022,0,0
0,239.5,0.15,0.614,10,0,28.9,0.0,0.114,0
0,294.4,0.131,0.64,44,0,23.9,0.0,0,0
0,236.8,0.267,0.286,74,1,12.53,0.097,0,0
0,348.4,0.303,0.749,75,1,7.99,0.198,0,0
0,119.5,0.236,0.446,81,3,9.54,0.361,0.078,1
1,0.0,0.034,0.264,17,3,6.17,0.519,0.11,1
0,491.5,0.287,0.63,25,6,9.45,0.52,0.097,0
0,93.7,0.26,0.538,44,6,1.95,0.969,0,1
0,201.7,0.244,0.795,63,0,12.1,0.122,0.104,0
1,0.0,0.156,0.62,23,1,0.63,0.287,0.101,1
1,0.0,0.074,0.291,62,2,10.01,0.148,0.016,1
0,462.5,0.024,0.895,4,6,3.12,0.607,0.025,0
1,0.0,0.091,0.657,7,5,12.53,0.572,0.058,1
0,254.7,0.238,0.976,51,0,27.5,0.0,0.128,0
0,462.0,0.022,0.741,72,3,11.57,0.2,0,0
0,195.0,0.346,0.385,19,3,10.34,0.309,0.07,0
0,408.8,0.283,0.264,69,1,0.98,0.307,0.056,0
0,176.9,0.239,0.379,55,5,12.5,0.422,0,0
1,0.0,0.299,0.663,72,5,1.63,0.717,0,1
1,0.0,0.189,0.824,49,2,10.7,0.299,0.198,1
0,46.6,0.201,0.64,30,5,1.32,0.684,0.013,1
0,330.1,0.011,0.457,74,0,10.1,0.09,0.079,0
0,125.5,0.026,0.798,77,2,14.73,0.378,0.017,0
1,0.0,0.168,0.276,77,3,7.86,0.323,0.0,1
0,393.0,0.307,0.281,56,4,9.32,0.34,0.133,0
0,385.2,0.243,0.651,67,3,2.21,0.363,0,0
0,104.9,0.153,0.306,80,1,6.49,0.153,0,0
0,437.9,0.087,0.322,58,1,1.13,0.293,0,0
0,499.1,0.045,0.332,72,0,11.3,0.0,0.025,0
0,227.3,0.106,0.47,50,4,13.45,0.356,0.008,0
0,36.5,0.315,0.303,64,4,3.84,0.447,0,1
0,27.6,0.082,0.572,67,0,17.5,0.182,0.113,0
0,157.2,0.338,0.628,18,0,26.6,0.027,0.066,0
0,270.9,0.231,0.49,78,5,11.44,0.611,0,1
0,407.0,0.207,0.781,26,2,11.85,0.401,0,0
0,430.7,0.328,0.725,15,1,2.86,0.031,0,0
0,74.6,0.005,0.318,50,4,4.79,0.425,0.04,0
0,393.4,0.284,0.419,40,1,12.79,0.228,0.036,0
0,238.6,0.338,0.645,29,0,19.5,0.237,0.132,0
0,98.1,0.268,0.552,52,6,3.03,0.571,0.131,1
0,66.1,0.013,0.549,41,0,18.8,0.084,0.245,0
0,342.4,0.3,0.281,51,2,2.08,0.236,0.011,0
0,126.1,0.114,0.768,72,6,6.68,0.645,0.068,1
0,449.7,0.131,0.364,76,1,13.99,0.091,0.065,0
1,0.0,0.074,0.781,16,5,10.84,0.641,0.021,1
0,196.7,0.349,1.007,53,5,7.8,0.477,0,1
0,274.1,0.042,0.705,14,4,6.89,0.427,0.201,0
0,401.5,0.342,0.744,67,1,6.95,0.222,0.129,0
0,182.5,0.177,0.68,24,2,3.83,0.388,0,0
0,340.3,0.233,0.428,41,0,7.0,0.016,0,0
1,0.0,0.173,0.925,80,0,8.0,0.039,0.151,1
0,436.0,0.292,0.963,65,4,13.07,0.38,0.201,0
0,72.5,0.244,0.337,38,5,9.33,0.675,0.13,1
0,456.2,0.221,0.546,64,0,23.1,0.151,0,0
1,0.0,0.029,0.509,23,2,5.15,0.321,0.165,1
0,155.7,0.119,0.607,16,2,4.64,0.419,0,0
0,30.5,0.331,0.434,3,2,1.94,0.389,0.089,0
0,151.4,0.321,0.934,46,0,7.4,0.156,0,0
0,23.4,0.316,0.383,19,0,14.2,0.002,0.241,0
0,417.2,0.103,0.921,66,3,13.39,0.398,0.016,0
0,496.6,0.256,0.885,53,0,13.2,0.0,0.047,0
0,356.3,0.11,0.865,15,2,3.26,0.162,0,0
0,475.1,0.22,0.468,53,6,3.34,0.537,0.067,0
0,107.3,0.307,0.82,81,2,1.48,0.508,0,1
0,29.0,0.241,0.63,37,3,8.19,0.547,0.004,1
0,250.2,0.221,0.558,69,1,2.13,0.0,0.148,0
0,215.6,0.157,0.333,22,2,10.08,0.192,0.116,0
0,304.5,0.241,0.565,29,0,19.1,0.199,0,0
0,201.8,0.155,0.284,19,1,5.43,0.186,0,0
0,272.6,0.273,0.735,39,0,20.1,0.12,0.177,0
0,54.2,0.247,0.659,75,4,3.55,0.167,0,1
0,152.2,0.056,0.386,50,0,5.9,0.0,0.238,0
0,255.7,0.277,0.428,52,6,11.7,0.651,0.114,1
0,74.3,0.259,0.309,17,2,0.79,0.523,0.045,0
0,56.8,0.206,0.613,42,2,6.66,0.247,0,0
1,0.0,0.165,0.397,29,4,4.54,0.462,0.023,1
1,0.0,0.086,0.832,34,4,10.86,0.325,0.081,1
0,191.2,0.197,0.341,71,0,19.0,0.077,0.1,0
1,0.0,0.087,0.795,15,5,11.53,0.659,0.084,1
0,27.9,0.241,0.254,55,4,12.02,0.536,0,1
0,167.7,0.248,0.76,71,0,15.6,0.096,0.07,0
0,91.4,0.153,0.488,60,6,12.15,0.66,0,1
1,0.0,0.146,0.52,44,6,4.43,0.558,0.201,1
0,266.4,0.072,0.543,4,1,7.35,0.126,0.068,0
0,90.5,0.25,0.479,62,3,1.47,0.586,0.04,1
1,0.0,0.161,0.517,61,0,13.8,0.192,0,1
0,464.7,0.096,0.464,2,2,14.05,0.117,0.007,0
0,368.0,0.098,0.337,15,5,9.85,0.678,0,0
1,0.0,0.212,0.591,60,0,24.6,0.094,0.048,0
0,243.0,0.0,0.29,16,3,6.67,0.297,0,0
0,128.0,0.138,0.509,15,2,8.19,0.393,0,0
0,358.6,0.294,0.709,49,6,2.24,0.583,0.144,1
0,22.4,0.128,0.506,27,1,9.45,0.31,0,0
0,106.0,0.126,0.421,69,2,13.78,0.34,0.037,0
0,26.4,0.096,0.897,49,1,9.57,0.333,0.023,1
1,0.0,0.221,0.692,12,0,6.0,0.0,0.217,1
0,355.8,0.062,0.725,66,0,16.1,0.029,0,0
0,331.0,0.258,0.895,41,0,27.6,0.0,0,0
1,0.0,0.005,0.795,74,0,9.8,0.054,0.005,1
0,145.0,0.07,0.663,81,1,4.47,0.211,0.007,0
1,0.0,0.293,0.569,67,0,9.6,0.125,0.086,1
0,396.5,0.076,0.838,50,1,12.64,0.136,0,0
0,376.2,0.258,0.645,59,1,2.54,0.121,0.102,0
0,489.8,0.091,0.554,7,2,5.56,0.442,0,0
0,28.0,0.292,0.586,26,2,9.87,0.216,0,0
1,0.0,0.29,0.691,48,1,7.28,0.37,0.089,1
0,242.9,0.164,0.492,6,0,13.1,0.125,0.096,0
0,174.0,0.227,0.465,61,3,8.43,0.316,0.051,0
1,0.0,0.16,0.776,21,1,4.16,0.087,0.102,1
0,384.0,0.315,0.497,47,5,6.31,0.474,0.144,0
0,444.4,0.338,0.833,64,0,21.6,0.058,0.024,0
0,402.7,0.161,0.691,56,0,12.5,0.145,0.101,0
0,223.9,0.253,0.859,34,0,16.9,0.0,0.125,0
0,337.5,0.291,0.321,65,2,11.56,0.107,0.142,0
0,411.7,0.256,0.624,37,3,10.21,0.373,0.047,0
0,190.9,0.119,0.776,72,6,3.84,0.609,0.026,1
0,223.3,0.119,0.339,42,2,10.29,0.173,0.058,0
0,344.3,0.292,0.51,69,6,13.01,0.632,0.054,0
0,73.1,0.177,0.571,30,2,11.68,0.225,0.108,0
0,256.0,0.273,0.989,67,0,29.5,0.0,0,0
0,83.7,0.118,0.564,3,3,6.81,0.322,0.055,0
0,445.7,0.24,0.695,78,4,4.37,0.368,0.028,0
0,169.1,0.223,0.675,13,2,4.11,0.289,0.068,0
0,447.4,0.121,0.426,14,5,7.15,0.41,0.119,0
0,308.6,0.253,0.887,71,2,13.95,0.25,0,0
0,363.6,0.26,0.579,67,1,8.78,0.184,0.161,0
1,0.0,0.299,0.285,8,3,3.62,0.424,0.025,1
1,0.0,0.235,0.368,45,1,0.57,0.241,0.087,1
0,144.6,0.162,0.389,79,2,3.71,0.127,0,0
0,321.0,0.115,0.624,38,2,5.13,0.18,0.07,0
0,113.2,0.244,0.512,8,0,20.8,0.0,0.022,0
0,159.0,0.263,0.271,2,5,2.92,0.829,0,1
0,378.2,0.099,0.55,13,0,14.5,0.099,0.037,0
0,289.7,0.063,0.978,30,4,6.42,0.492,0.051,0
1,0.0,0.098,0.722,41,4,8.27,0.296,0.149,1
0,86.9,0.306,0.58,39,3,10.01,0.354,0.035,0
1,0.0,0.229,0.664,2,1,2.51,0.0,0,1
0,169.3,0.087,0.736,34,0,23.6,0.0,0.137,0
1,0.0,0.179,0.373,34,1,3.04,0.358,0,1
0,111.4,0.161,0.569,51,0,29.3,0.125,0.011,0
1,0.0,0.293,0.69,73,0,23.7,0.008,0,0
0,44.5,0.146,0.664,4,6,14.84,0.636,0.031,1
0,153.6,0.139,0.709,16,6,9.92,0.604,0.068,1
1,0.0,0.264,0.518,38,0,27.8,0.112,0.066,0
0,171.7,0.243,0.629,50,1,5.47,0.117,0,0
0,301.3,0.266,0.268,34,5,5.76,0.574,0.001,0
0,288.1,0.107,0.361,65,0,20.2,0.099,0.002,0
1,0.0,0.106,0.45,16,4,6.38,0.643,0.014,1
0,325.5,0.205,0.486,19,6,2.95,0.589,0.042,0
0,177.8,0.108,0.609,66,6,3.36,0.64,0,1
0,421.6,0.296,0.821,35,6,0.98,0.627,0,1
1,0.0,0.296,0.997,74,3,8.72,0.346,0.051,1
0,348.0,0.228,0.688,59,0,29.5,0.042,0.114,0
0,454.0,0.046,0.38,7,5,7.42,0.388,0.185,0
0,166.2,0.222,0.546,21,1,1.95,0.186,0,0
0,432.0,0.039,0.394,3,3,14.89,0.363,0.049,0
0,251.4,0.062,0.44,43,1,13.08,0.15,0.114,0
0,64.6,0.265,0.464,16,3,7.69,0.318,0.109,1
0,56.3,0.302,0.632,58,1,11.79,0.156,0,0
1,0.0,0.165,0.634,8,6,2.74,0.649,0.126,1
0,427.7,0.214,0.575,21,6,9.13,0.51,0.114,0
0,191.7,0.107,0.49,42,2,8.67,0.327,0.051,0
0,37.1,0.143,0.981,46,0,25.5,0.094,0.163,0
0,167.7,0.277,0.76,54,5,7.79,0.739,0.074,1
0,88.6,0.253,0.901,76,6,6.16,0.802,0.019,1
1,0.0,0.131,0.442,13,2,6.85,0.545,0.031,1
0,169.0,0.271,0.914,6,1,8.82,0.051,0.017,0
0,282.8,0.286,0.704,41,2,13.62,0.361,0,0
0,167.4,0.08,0.677,48,1,9.25,0.2,0.032,0
0,401.1,0.291,0.65,79,5,6.84,0.468,0.143,0
0,397.2,0.172,0.292,72,5,1.84,0.654,0.036,0
0,291.2,0.164,0.852,26,1,7.25,0.251,0.248,0
0,328.7,0.026,0.563,26,0,15.0,0.012,0.158,0
0,219.3,0.091,0.787,13,3,9.98,0.358,0.096,0
0,447.7,0.25,0.706,55,1,3.13,0.284,0.068,0
1,0.0,0.122,0.449,52,6,3.53,0.506,0.023,1
0,124.2,0.322,0.741,25,0,25.9,0.0,0.111,0
0,34.1,0.153,0.478,66,0,29.2,0.0,0,0
1,0.0,0.043,0.534,4,2,11.37,0.223,0.098,1
0,244.2,0.178,0.459,28,2,14.44,0.233,0.111,0
0,419.9,0.152,0.88,71,6,9.83,0.563,0.108,1
0,32.2,0.297,0.338,62,0,22.4,0.026,0.052,0
0,434.5,0.231,0.826,28,0,9.4,0.0,0.045,0
0,440.7,0.038,0.364,30,6,5.91,0.512,0.111,0
0,393.8,0.116,0.738,29,0,18.5,0.063,0,0
0,449.6,0.032,0.526,28,4,6.89,0.49,0.141,0
0,162.6,0.164,0.631,35,5,10.19,0.646,0.103,1
0,117.5,0.045,0.3,69,2,4.59,0.136,0.005,0
0,100.5,0.231,0.587,6,4,8.0,0.529,0.045,1
0,334.0,0.203,0.842,75,1,14.7,0.097,0.163,0
0,89.3,0.113,0.825,57,6,13.11,0.75,0.035,1
0,277.5,0.041,0.615,38,2,14.95,0.245,0.078,0
0,388.3,0.16,0.497,15,1,1.42,0.205,0.136,0
0,487.8,0.291,0.454,37,1,7.06,0.139,0,0
1,0.0,0.064,0.754,53,0,10.0,0.046,0,1
1,0.0,0.184,0.397,14,0,14.4,0.0,0.089,0
1,0.0,0.079,0.909,27,1,4.54,0.386,0.0,1
0,447.9,0.164,0.469,72,1,10.77,0.356,0.023,0
1,0.0,0.208,0.48,63,3,12.43,0.367,0,1
0,326.6,0.137,0.464,53,1,2.54,0.127,0,0
1,0.0,0.331,0.335,46,2,0.66,0.464,0.096,1
0,123.8,0.153,0.671,62,0,27.0,0.135,0.053,0
0,475.2,0.014,0.521,7,0,26.9,0.0,0,0
0,53.4,0.256,0.436,18,2,6.61,0.179,0,0
0,422.7,0.256,0.483,49,2,1.7,0.546,0.136,0
1,0.0,0.152,0.703,19,4,9.3,0.567,0,1
0,30.6,0.038,0.705,66,1,5.73,0.049,0,0
0,180.2,0.276,0.611,30,6,11.29,0.697,0,1
0,287.8,0.008,0.775,78,3,12.82,0.346,0.198,0
0,145.5,0.274,0.904,48,0,10.2,0.274,0.063,0
0,372.9,0.264,0.901,39,2,9.44,0.238,0,0
0,457.9,0.032,0.563,58,2,3.43,0.436,0.107,0
0,404.9,0.314,0.505,67,1,8.94,0.28,0,0
1,0.0,0.062,0.393,70,5,13.76,0.488,0,1
0,360.8,0.186,0.473,44,5,8.77,0.886,0.203,0
1,0.0,0.054,0.376,53,1,13.19,0.16,0,1
0,16.1,0.085,0.617,25,2,8.57,0.315,0.049,0
0,317.4,0.311,0.773,35,1,6.75,0.261,0,0
0,166.9,0.125,0.771,50,4,8.89,0.633,0.152,1
1,0.0,0.11,0.462,11,1,7.25,0.136,0.026,0
1,0.0,0.153,0.879,60,0,19.0,0.018,0.04,0
0,41.3,0.124,0.904,78,5,7.62,0.714,0,1
0,115.5,0.158,0.469,52,5,12.08,0.448,0.046,1
1,0.0,0.11,0.292,36,5,2.24,0.271,0.159,1
1,0.0,0.145,0.432,5,0,25.9,0.276,0.084,0
0,473.6,0.201,0.515,21,0,26.2,0.0,0.078,0
0,356.6,0.308,0.398,56,1,5.59,0.125,0.024,0
0,20.0,0.212,0.459,60,0,29.1,0.063,0.042,0
0,160.1,0.28,0.843,59,1,9.73,0.026,0.051,0
0,303.9,0.201,0.892,59,4,2.66,0.443,0.058,1
0,468.3,0.311,0.484,44,0,13.7,0.101,0.138,0
1,0.0,0.054,0.981,11,2,11.87,0.181,0.162,1
0,175.8,0.128,0.638,30,0,14.0,0.245,0,0
1,0.0,0.035,0.623,14,5,8.84,0.347,0,1
1,0.0,0.225,0.532,56,1,14.19,0.054,0.088,1
0,167.5,0.169,0.875,45,6,10.63,0.661,0.027,1
0,160.5,0.206,0.692,75,4,0.91,0.696,0.034,1
0,371.9,0.183,0.713,76,1,1.93,0.4,0.211,0
0,45.8,0.071,0.673,76,2,3.49,0.166,0,1
0,492.4,0.345,0.786,76,0,8.5,0.052,0.053,0
0,343.4,0.249,0.842,47,2,10.51,0.161,0.092,0
0,134.2,0.004,0.68,65,6,10.5,0.862,0.086,1
0,452.1,0.171,0.364,49,6,10.87,0.622,0,0
0,63.2,0.042,0.688,18,1,2.34,0.342,0.14,0
0,64.6,0.013,0.708,73,1,6.82,0.037,0.145,0
1,0.0,0.268,0.786,76,5,0.71,0.761,0.141,1
0,461.7,0.123,0.294,33,0,28.7,0.0,0.048,0
0,22.4,0.154,0.451,61,0,18.7,0.0,0.034,0
0,210.9,0.187,0.779,40,2,1.06,0.524,0,0
0,408.7,0.269,0.829,77,5,8.41,0.55,0.198,1
0,469.2,0.226,0.528,51,6,7.61,0.65,0.274,0
0,232.6,0.308,0.626,59,2,14.99,0.164,0.107,0
0,221.6,0.105,0.719,12,1,14.82,0.249,0.129,0
0,235.7,0.158,0.476,30,0,23.1,0.149,0.065,0
0,288.5,0.332,0.523,22,4,13.01,0.475,0,0
0,63.2,0.228,0.995,2,2,1.24,0.494,0.071,1
0,333.2,0.328,0.516,55,2,8.73,0.384,0.253,0
0,291.8,0.28,0.555,65,3,5.09,0.195,0.151,0
0,341.3,0.275,0.765,75,2,12.86,0.167,0.209,0
0,160.7,0.023,0.705,24,3,5.41,0.405,0.081,0
1,0.0,0.056,0.32,2,2,2.8,0.143,0.021,1
0,488.3,0.232,0.326,76,0,27.0,0.034,0,0
0,297.2,0.346,0.706,58,3,13.46,0.588,0.014,0
0,444.4,0.024,0.731,62,0,29.8,0.0,0.08,0
0,153.3,0.277,0.879,18,0,20.5,0.0,0,0
1,0.0,0.098,0.268,41,0,6.3,0.107,0.055,0
0,498.1,0.118,0.812,23,6,1.66,0.75,0.037,0
1,0.0,0.007,0.532,32,0,22.4,0.031,0.04,0
0,403.5,0.299,0.472,37,1,8.51,0.071,0.054,0
0,404.7,0.32,0.268,65,0,11.1,0.0,0.063,0
1,0.0,0.281,0.257,80,2,13.12,0.207,0.019,1
0,319.2,0.116,0.321,64,1,13.81,0.006,0.096,0
0,11.9,0.277,0.68,32,2,9.57,0.315,0.188,1
0,239.9,0.256,0.297,58,4,0.59,0.487,0.074,0
0,440.3,0.201,0.756,72,1,3.21,0.015,0.274,0
1,0.0,0.104,0.444,27,1,12.45,0.271,0.041,0
0,147.9,0.056,0.446,74,5,11.46,0.414,0.101,1
0,166.0,0.27,0.686,73,5,4.31,0.485,0.097,1
0,191.5,0.105,0.879,57,1,9.01,0.24,0.07,0
0,237.2,0.315,0.685,32,2,14.27,0.274,0.149,0
0,495.0,0.221,0.528,59,0,19.8,0.068,0.083,0
0,106.9,0.174,0.852,11,1,3.8,0.186,0,0
0,223.2,0.298,0.297,68,0,28.8,0.013,0,0
0,403.8,0.146,0.749,38,6,5.0,0.744,0,0
1,0.0,0.045,0.489,65,2,8.7,0.231,0.053,1
0,347.3,0.319,0.89,21,1,8.55,0.205,0,0
0,451.9,0.338,0.879,6,5,3.94,0.599,0,0
1,0.0,0.308,0.711,71,4,7.62,0.454,0,1
0,42.8,0.136,0.457,63,2,12.79,0.32,0.072,0
1,0.0,0.169,0.968,19,2,9.27,0.184,0,1
0,479.3,0.209,0.288,57,4,12.08,0.414,0.189,0
0,156.1,0.071,0.615,28,0,14.2,0.136,0.091,0
0,316.7,0.194,0.457,46,3,4.5,0.32,0,0
0,70.7,0.304,0.345,33,4,0.87,0.645,0,1
0,170.0,0.293,0.48,9,0,27.1,0.199,0.094,0
0,78.6,0.036,0.436,35,2,5.4,0.277,0,0
0,206.3,0.022,0.531,62,4,12.43,0.493,0,0
0,121.4,0.02,0.286,53,3,1.11,0.646,0.061,0
0,477.7,0.048,0.726,31,0,17.8,0.045,0.067,0
0,29.7,0.206,0.55,37,0,19.5,0.0,0,0
0,204.6,0.053,0.831,45,1,8.57,0.091,0.047,0
0,105.9,0.314,0.416,78,3,9.25,0.481,0,1
0,110.2,0.039,0.807,55,1,11.52,0.142,0,0
1,0.0,0.286,0.684,52,5,13.41,0.485,0.081,1
0,161.9,0.076,0.409,32,2,7.14,0.12,0.135,0
1,0.0,0.1,0.439,3,0,27.1,0.0,0.117,0
0,473.9,0.326,0.731,61,0,6.3,0.064,0.101,0
0,147.2,0.229,0.915,43,0,11.6,0.145,0.201,0
0,69.0,0.223,0.91,21,0,5.4,0.113,0.08,0
1,0.0,0.096,0.6,62,1,1.44,0.204,0.041,1
0,221.9,0.163,0.706,76,6,1.41,0.81,0,1
0,22.0,0.095,0.523,81,6,1.14,0.912,0,1
1,0.0,0.333,0.787,75,1,5.78,0.06,0,1
0,365.8,0.189,0.503,59,5,6.33,0.56,0,0
0,82.3,0.235,0.544,26,0,20.1,0.117,0.002,0
1,0.0,0.302,0.514,63,5,5.45,0.637,0,1
1,0.0,0.049,0.551,28,0,29.8,0.0,0.024,0
1,0.0,0.233,0.749,39,3,2.2,0.315,0.034,1
1,0.0,0.328,0.529,8,2,11.37,0.137,0,1
0,418.8,0.313,0.902,17,0,17.4,0.192,0.156,0
0,128.5,0.142,0.317,57,0,5.4,0.031,0.102,0
0,134.2,0.333,0.773,80,5,4.85,0.417,0.008,1
0,313.4,0.322,0.279,19,0,17.5,0.004,0.099,0
1,0.0,0.269,0.697,37,6,7.61,0.68,0.072,1
0,381.9,0.03,0.307,69,3,6.01,0.279,0.143,0
1,0.0,0.272,0.496,80,6,2.36,0.667,0.141,1
1,0.0,0.156,0.415,9,2,12.12,0.093,0.021,0
1,0.0,0.172,0.351,44,5,5.31,0.6,0.086,1
0,107.6,0.17,0.734,59,2,1.14,0.437,0.117,1
0,359.8,0.283,0.331,4,5,0.84,0.524,0,0
0,20.1,0.184,0.325,21,0,12.0,0.0,0.02,0
0,242.6,0.177,0.933,66,0,9.0,0.081,0,0
0,333.3,0.191,0.291,58,5,6.49,0.482,0.029,0
0,15.5,0.021,0.636,7,4,0.63,0.643,0.082,1
0,431.7,0.28,0.594,54,0,9.3,0.0,0.013,0
0,430.3,0.051,0.913,72,5,2.89,0.52,0,0
0,469.4,0.29,0.492,40,2,0.9,0.291,0,0
0,376.8,0.045,0.653,29,6,13.14,0.737,0.011,0
1,0.0,0.101,0.27,73,4,1.73,0.644,0.022,1
0,147.6,0.228,0.587,40,1,12.9,0.075,0,0
1,0.0,0.243,0.713,8,0,16.7,0.148,0.1,0
0,133.3,0.094,0.708,52,2,13.94,0.351,0.023,0
0,180.8,0.107,0.53,48,5,6.65,0.458,0,1
0,103.1,0.24,0.391,22,5,8.04,0.515,0.145,1
0,322.9,0.072,0.389,18,2,4.06,0.171,0.056,0
0,134.8,0.025,0.892,31,0,6.7,0.0,0.073,0
0,232.8,0.347,0.638,28,1,4.35,0.29,0.037,0
0,199.6,0.042,0.691,75,0,26.2,0.053,0.033,0
0,72.4,0.034,0.276,9,0,5.2,0.0,0.145,0
0,118.0,0.211,0.526,51,0,5.6,0.154,0,0
0,404.8,0.289,0.262,61,0,19.3,0.0,0,0
0,424.2,0.077,0.874,53,1,2.06,0.102,0.055,0
1,0.0,0.301,0.403,71,2,10.83,0.097,0.096,1
0,21.3,0.268,0.628,14,2,5.17,0.342,0,0
0,307.2,0.131,0.739,33,0,24.7,0.073,0.117,0
0,450.2,0.133,0.792,9,1,9.86,0.192,0.166,0
0,200.5,0.121,0.494,24,2,1.8,0.398,0.108,0
0,87.5,0.077,0.675,56,0,29.5,0.304,0,0
0,356.5,0.056,0.286,71,4,14.01,0.37,0.069,0
0,122.3,0.109,0.747,2,0,19.3,0.0,0.083,0
0,151.2,0.165,0.432,56,5,10.83,0.592,0.065,1
0,391.7,0.194,0.361,58,1,11.91,0.093,0.028,0
0,261.5,0.007,0.553,60,0,16.7,0.092,0.001,0
0,236.6,0.159,0.368,4,0,6.7,0.0,0.048,0
0,269.2,0.171,0.751,14,3,14.45,0.438,0.024,0
0,378.3,0.183,0.756,65,0,10.2,0.0,0,0
0,66.6,0.316,0.489,41,3,3.38,0.456,0.059,1
1,0.0,0.277,0.464,50,0,5.4,0.007,0.062,1
0,205.6,0.25,0.607,28,0,11.1,0.137,0.141,0
0,237.9,0.135,0.31,44,2,12.41,0.308,0.028,0
0,43.2,0.116,0.379,69,0,23.6,0.017,0.039,0
0,21.8,0.141,0.667,45,2,1.24,0.392,0.009,1
0,381.7,0.152,0.686,9,4,1.48,0.828,0.013,0
0,368.4,0.222,0.79,70,5,6.07,0.652,0.032,1
0,15.9,0.047,0.538,62,2,8.43,0.243,0.228,0
0,140.1,0.169,0.799,60,6,7.66,0.65,0.128,1
0,312.2,0.343,0.454,10,4,13.39,0.485,0,0
1,0.0,0.182,0.834,50,1,12.32,0.045,0,1
1,0.0,0.105,0.581,49,0,25.6,0.0,0,0
0,453.5,0.324,0.531,30,2,8.72,0.495,0.032,0
1,0.0,0.168,0.429,74,2,6.39,0.156,0.084,1
0,67.9,0.082,0.559,54,2,6.74,0.238,0.056,0
0,174.7,0.209,0.303,71,0,24.9,0.175,0.055,0
0,496.0,0.001,0.413,35,6,10.44,0.652,0.085,0
1,0.0,0.031,0.504,77,5,1.69,0.702,0.05,1
0,413.9,0.172,0.681,14,0,25.8,0.0,0.044,0
1,0.0,0.298,0.747,69,3,9.29,0.34,0.031,1
0,407.0,0.126,0.662,30,2,12.2,0.132,0.072,0
0,336.5,0.074,0.342,71,0,19.7,0.085,0.076,0
0,148.4,0.116,0.746,26,2,2.28,0.268,0,0
1,0.0,0.255,0.414,21,6,0.99,0.836,0.093,1
0,200.9,0.284,0.532,40,3,2.43,0.36,0,1
0,332.6,0.335,0.392,60,1,6.53,0.0,0.07,0
0,261.3,0.173,0.812,28,0,24.3,0.217,0,0
1,0.0,0.131,0.698,17,1,3.56,0.077,0.152,1
1,0.0,0.137,0.74,3,1,6.81,0.032,0.187,0
0,482.4,0.207,0.764,76,1,5.32,0.033,0.112,0
0,465.2,0.32,0.887,6,1,7.01,0.04,0.014,0
0,410.2,0.234,0.412,14,1,1.09,0.404,0.024,0
0,403.2,0.096,0.263,42,5,10.12,0.614,0,0
1,0.0,0.231,0.883,32,4,11.02,0.514,0.155,1
0,327.0,0.331,0.781,48,0,21.4,0.059,0.011,0
0,110.0,0.057,0.464,12,4,9.77,0.502,0.071,0
0,42.3,0.27,0.34,24,2,2.26,0.413,0.064,0
0,260.3,0.168,0.302,70,2,3.06,0.294,0,0
1,0.0,0.282,0.38,38,0,18.1,0.069,0.031,0
0,24.6,0.299,0.547,30,1,2.93,0.067,0,0
0,418.9,0.327,0.566,40,6,5.85,0.57,0.068,0
0,11.8,0.124,0.756,28,0,29.2,0.077,0.024,0
1,0.0,0.268,0.537,11,2,2.24,0.138,0.102,1
0,130.6,0.188,0.782,74,1,10.14,0.304,0.049,1
0,176.6,0.144,0.537,18,1,11.21,0.0,0.035,0
0,170.6,0.249,0.72,69,2,2.14,0.419,0.028,0
1,0.0,0.074,0.419,11,4,13.74,0.497,0.161,1
1,0.0,0.305,0.592,43,0,27.4,0.05,0.027,0
0,141.8,0.018,0.788,81,0,27.3,0.0,0.191,0
0,275.6,0.092,0.948,50,0,13.4,0.139,0.214,0
0,240.5,0.255,0.815,16,1,14.85,0.105,0.147,0
0,292.6,0.255,0.409,26,1,9.39,0.007,0.146,0
1,0.0,0.144,0.404,66,2,4.2,0.302,0.047,1
0,208.7,0.067,0.665,7,0,29.2,0.051,0.176,0
0,368.3,0.239,0.468,67,5,0.54,0.775,0.06,1
0,212.5,0.119,0.677,66,2,5.21,0.126,0.112,0
0,430.3,0.051,0.807,50,3,7.59,0.252,0.046,0
0,222.3,0.056,0.638,55,2,2.1,0.231,0.114,0
0,395.0,0.185,0.45,53,3,3.41,0.504,0.15,0
0,142.1,0.168,0.263,51,6,7.55,0.697,0.241,0
0,141.2,0.13,0.446,15,1,11.32,0.136,0.153,0
0,128.2,0.099,0.745,10,5,8.83,0.751,0,0
0,83.1,0.007,0.472,20,1,3.22,0.0,0.036,0
0,133.1,0.282,0.491,4,5,8.68,0.643,0.101,1
0,430.3,0.125,0.585,26,4,0.74,0.671,0.142,0
0,123.3,0.303,0.608,72,0,22.0,0.157,0.037,0
0,191.7,0.013,0.569,46,6,9.04,0.773,0,1
0,462.5,0.214,0.843,13,6,14.1,0.656,0.141,0
0,463.9,0.171,0.916,69,0,17.6,0.11,0.064,0
0,219.3,0.122,0.662,60,0,23.5,0.179,0.037,0
0,124.8,0.016,0.375,65,1,7.18,0.093,0.02,0
0,25.4,0.254,0.734,43,6,6.76,0.578,0,1
0,193.5,0.187,0.569,71,0,10.3,0.132,0.072,0
0,352.8,0.058,0.895,14,5,13.54,0.8,0,0
1,0.0,0.186,0.519,59,5,12.63,0.512,0,1
1,0.0,0.075,0.427,13,3,13.95,0.385,0.022,1
0,371.1,0.187,0.522,7,0,6.3,0.0,0.12,0
0,127.8,0.018,0.301,13,4,1.71,0.556,0.044,0
0,31.6,0.172,0.708,70,4,2.64,0.576,0,1
1,0.0,0.028,0.706,38,0,5.8,0.073,0.051,1
0,51.0,0.058,0.308,57,3,14.32,0.331,0.164,0
1,0.0,0.227,0.811,4,0,23.0,0.136,0.045,0
1,0.0,0.226,0.303,63,5,10.19,0.393,0,1
1,0.0,0.319,0.736,45,4,9.51,0.544,0.071,1
0,31.6,0.017,0.402,37,6,5.45,0.677,0,1
1,0.0,0.052,0.413,62,1,7.92,0.246,0.045,1
0,394.7,0.131,0.277,21,0,15.2,0.076,0.057,0
1,0.0,0.195,0.889,2,6,14.32,0.726,0,1
0,464.8,0.303,0.344,10,4,11.21,0.475,0.041,0
0,278.3,0.166,0.507,57,4,9.89,0.39,0.085,0
0,313.3,0.103,0.689,42,2,4.82,0.201,0.213,0
0,190.4,0.254,0.319,49,0,16.5,0.146,0.07,0
0,183.8,0.263,0.283,30,1,10.96,0.103,0,0
0,154.0,0.336,0.588,42,2,11.99,0.328,0,0
0,388.3,0.256,0.675,15,0,25.8,0.019,0.03,0
0,238.2,0.291,0.495,44,6,9.77,0.733,0.047,1
0,105.2,0.184,0.697,31,1,12.2,0.217,0.062,0
1,0.0,0.159,0.825,12,0,20.2,0.093,0.152,0
0,76.0,0.225,0.478,77,0,28.9,0.001,0.146,0
1,0.0,0.174,0.326,17,2,11.79,0.227,0,1
0,412.0,0.349,0.484,28,0,18.7,0.062,0.101,0
0,129.7,0.132,0.603,45,5,2.24,0.534,0,1
0,202.0,0.213,0.284,42,5,1.53,0.703,0.12,1
1,0.0,0.1,0.393,14,3,5.47,0.404,0.057,1
0,471.4,0.212,0.392,46,2,5.4,0.249,0.104,0
0,350.8,0.3,0.561,76,2,9.64,0.266,0,0
0,483.5,0.26,0.334,65,2,11.81,0.255,0.073,0
0,438.7,0.019,0.505,4,0,25.5,0.058,0,0
0,59.0,0.061,0.458,75,2,7.88,0.214,0.092,0
0,316.9,0.17,0.351,55,4,12.56,0.385,0.249,0
1,0.0,0.002,0.874,38,1,3.94,0.207,0.165,1
1,0.0,0.048,0.637,3,0,6.3,0.0,0,0
0,258.6,0.348,0.836,45,5,3.14,0.422,0.311,1
0,295.6,0.058,0.705,28,5,8.8,0.426,0.148,0
1,0.0,0.266,0.956,23,0,27.2,0.171,0.022,1
0,293.8,0.223,0.452,68,1,0.81,0.214,0.05,0
0,477.1,0.312,0.718,53,1,11.82,0.0,0.064,0
1,0.0,0.196,0.705,10,3,2.75,0.28,0,1
0,95.2,0.076,0.822,15,5,3.7,0.654,0,1
0,328.6,0.314,0.77,79,1,12.51,0.353,0,0
0,452.1,0.198,0.602,63,2,9.06,0.217,0,0
0,333.9,0.033,0.496,29,6,1.56,0.808,0.038,0
0,385.6,0.283,0.927,66,1,12.73,0.162,0.064,0
0,127.9,0.279,0.457,76,0,25.8,0.136,0.165,0
1,0.0,0.152,0.554,74,0,25.8,0.051,0.058,0
0,49.8,0.068,0.861,78,0,28.6,0.026,0.069,0
1,0.0,0.026,0.478,59,6,8.07,0.617,0.185,1
0,317.2,0.018,0.421,79,3,6.89,0.269,0.004,0
0,365.8,0.267,0.679,37,0,18.9,0.136,0.186,0
0,462.2,0.323,0.893,73,1,0.83,0.438,0.003,0
0,109.3,0.081,0.498,60,1,5.5,0.414,0.087,0
1,0.0,0.325,0.717,60,6,1.97,0.798,0.049,1
0,414.3,0.343,0.538,8,2,5.95,0.358,0.082,0
1,0.0,0.104,0.758,60,5,5.18,0.614,0.112,1
0,221.3,0.1,0.375,49,0,15.0,0.033,0,0
0,373.0,0.175,0.36,80,0,21.0,0.203,0,0
0,317.9,0.091,0.572,19,6,9.29,0.551,0.059,0
0,438.6,0.189,0.385,41,2,0.92,0.422,0.182,0
1,0.0,0.191,0.699,66,3,7.44,0.345,0.197,1
0,125.6,0.142,0.262,81,2,8.34,0.415,0.128,0
0,340.2,0.03,0.725,80,2,8.32,0.378,0.014,0
0,208.4,0.053,0.774,59,0,29.5,0.133,0.129,0
0,283.2,0.187,0.517,4,4,4.69,0.417,0.036,0
0,72.2,0.322,0.964,52,6,12.71,0.504,0.102,1
0,327.7,0.104,0.713,16,4,9.63,0.376,0.011,0
0,316.8,0.178,0.568,36,0,10.9,0.0,0.026,0
0,22.8,0.215,0.301,3,0,23.0,0.067,0.004,0
1,0.0,0.186,0.841,8,2,7.83,0.239,0.005,1
1,0.0,0.069,0.649,14,0,15.0,0.0,0.094,0
0,190.7,0.243,0.875,32,2,11.05,0.196,0.127,0
0,147.0,0.19,0.454,58,4,6.2,0.486,0.006,0
0,415.0,0.214,0.7,64,6,8.22,0.58,0.021,0
0,277.6,0.316,0.515,60,1,1.65,0.427,0.02,0
1,0.0,0.267,0.808,32,0,29.2,0.164,0.22,1
0,269.6,0.274,0.749,17,0,19.0,0.202,0,0
0,264.3,0.335,0.634,19,6,4.67,0.649,0.06,1
1,0.0,0.289,0.338,20,5,7.52,0.681,0.143,1
0,295.2,0.094,0.458,31,1,1.78,0.287,0.087,0
0,367.2,0.128,0.607,14,0,11.0,0.0,0,0
0,17.9,0.217,0.713,68,1,14.28,0.157,0.029,0
1,0.0,0.185,0.627,10,0,20.1,0.138,0.119,0
0,143.1,0.045,0.832,37,2,2.86,0.308,0.104,0
0,213.9,0.334,0.789,24,4,6.91,0.28,0.035,1
0,356.0,0.179,0.642,6,2,14.49,0.275,0,0
0,256.0,0.107,1.005,27,2,0.87,0.266,0.058,0
0,31.0,0.281,0.666,52,0,29.0,0.189,0.17,0
0,435.6,0.024,0.553,15,1,9.68,0.024,0,0
0,149.1,0.1,0.51,6,5,14.93,0.433,0.056,0
0,217.3,0.315,0.464,29,0,23.7,0.0,0.156,0
0,460.4,0.101,0.798,59,4,12.21,0.492,0.076,0
1,0.0,0.05,0.418,70,0,14.4,0.005,0.085,0
0,213.5,0.171,0.588,78,4,2.89,0.331,0.067,1
0,450.9,0.168,0.853,10,6,4.35,0.707,0.081,1
1,0.0,0.33,0.303,23,2,13.54,0.097,0.007,0
0,362.0,0.336,0.292,54,1,6.92,0.229,0.039,0
1,0.0,0.229,0.982,40,0,9.3,0.0,0.002,1
0,478.1,0.256,0.665,43,1,8.52,0.041,0.155,0
0,330.1,0.246,0.892,12,1,5.14,0.223,0.027,0
0,371.2,0.309,0.482,50,0,19.3,0.162,0.046,0
0,309.5,0.254,0.715,7,3,0.54,0.403,0.013,0
1,0.0,0.164,0.811,54,3,10.76,0.426,0.068,1
1,0.0,0.331,0.341,69,0,24.8,0.0,0.135,0
0,28.5,0.016,0.793,22,4,7.8,0.354,0.106,1
0,349.7,0.253,0.507,51,6,8.26,0.809,0,1
0,109.0,0.097,0.487,71,5,12.9,0.467,0.016,1
0,180.0,0.305,0.689,70,0,24.5,0.012,0.012,0
0,335.4,0.032,0.688,16,1,1.32,0.194,0.128,0
1,0.0,0.145,0.641,18,0,20.2,0.125,0.103,0
0,111.6,0.041,0.999,29,3,11.41,0.229,0.075,0
0,66.8,0.134,0.355,66,5,10.96,0.399,0.092,0
0,466.9,0.069,0.408,44,5,3.29,0.356,0.01,0
0,333.6,0.159,0.832,68,0,24.1,0.041,0.086,0
0,316.4,0.049,0.688,40,0,8.8,0.223,0.04,0
1,0.0,0.068,0.53,33,0,25.3,0.05,0.046,0
1,0.0,0.209,0.682,79,0,10.7,0.0,0.008,1
0,217.7,0.126,0.513,65,1,12.77,0.148,0.082,0
0,495.1,0.326,0.606,20,1,8.58,0.092,0.042,0
1,0.0,0.022,0.819,79,2,3.81,0.307,0.096,1
0,166.5,0.334,0.77,81,1,10.67,0.0,0.064,0
0,71.1,0.216,0.696,24,2,6.64,0.282,0,0
0,192.3,0.149,0.449,68,0,25.9,0.147,0.049,0
0,31.6,0.021,0.636,77,1,0.89,0.451,0,0
0,145.3,0.33,0.555,12,0,17.9,0.035,0.095,0
0,62.6,0.207,0.806,22,0,9.9,0.156,0.073,0
0,172.7,0.339,0.59,46,3,4.85,0.461,0.066,1
0,22.1,0.198,0.8,36,3,6.68,0.281,0.076,1
0,173.5,0.35,0.36,25,1,12.66,0.159,0.116,0
0,48.7,0.205,0.334,21,0,5.8,0.151,0.04,0
0,317.2,0.009,0.288,6,3,10.16,0.389,0.093,0
0,377.0,0.092,0.9,73,5,11.48,0.639,0,0
0,337.2,0.248,0.282,3,5,7.78,0.558,0.074,0
1,0.0,0.288,0.647,18,6,3.74,0.752,0.086,1
0,197.3,0.195,0.777,69,0,10.4,0.069,0.044,0
0,289.8,0.087,0.573,55,4,10.21,0.341,0,0
0,405.4,0.023,0.504,64,0,10.4,0.0,0.134,0
1,0.0,0.295,0.281,61,6,10.15,0.828,0.075,1
1,0.0,0.33,0.667,3,5,7.94,0.518,0,1
1,0.0,0.157,0.314,25,0,23.3,0.0,0.024,0
1,0.0,0.011,0.983,48,1,8.26,0.099,0.072,1
0,265.8,0.258,0.554,17,2,6.85,0.311,0.054,0
0,215.2,0.112,0.73,57,2,8.67,0.178,0.025,0
0,467.7,0.179,0.675,60,5,10.22,0.44,0.015,0
1,0.0,0.33,0.622,75,1,1.13,0.338,0,1
0,453.3,0.031,0.484,76,3,13.54,0.311,0.011,0
1,0.0,0.195,0.508,23,5,12.07,0.757,0.09,1
0,99.0,0.224,0.798,45,5,5.96,0.397,0.013,1
0,232.0,0.109,0.351,38,0,14.6,0.008,0.15,0
1,0.0,0.266,0.603,65,0,17.6,0.0,0,1
1,0.0,0.244,0.866,64,1,6.23,0.272,0.188,1
1,0.0,0.156,0.263,73,0,12.5,0.092,0.197,0
0,185.3,0.264,0.366,55,2,2.07,0.163,0.079,0
0,177.4,0.343,0.501,16,0,15.0,0.079,0,0
0,377.7,0.173,0.306,41,6,0.96,0.749,0.073,1
0,396.0,0.146,0.746,73,4,2.34,0.443,0.149,0
1,0.0,0.189,0.606,11,0,7.4,0.0,0.106,0
1,0.0,0.297,0.88,2,0,28.0,0.0,0,0
1,0.0,0.216,0.669,2,4,6.89,0.411,0.121,1
0,347.5,0.303,0.417,41,6,1.21,0.838,0.08,1
0,497.4,0.086,0.284,67,0,16.9,0.013,0,0
0,417.9,0.188,0.405,41,1,6.46,0.137,0.01,0
0,303.8,0.133,0.583,8,1,12.2,0.143,0,0
0,97.7,0.103,0.796,46,4,9.39,0.357,0.084,0
0,17.0,0.277,0.795,19,3,5.43,0.445,0.131,1
0,386.3,0.338,0.854,78,2,2.4,0.31,0,0
0,428.6,0.065,0.432,68,2,9.67,0.055,0,0
0,14.5,0.326,0.36,59,0,12.4,0.224,0.017,0
0,162.2,0.047,0.523,68,0,9.4,0.14,0.041,0
0,456.3,0.298,0.602,32,0,5.2,0.152,0,0
0,245.8,0.173,0.757,59,5,9.14,0.634,0.131,1
0,466.2,0.096,0.577,48,0,21.0,0.0,0.071,0
0,269.1,0.08,0.525,6,2,13.06,0.288,0,0
0,487.1,0.222,1.008,59,1,2.35,0.077,0,0
0,187.4,0.263,0.628,27,1,4.93,0.238,0,0
0,372.5,0.304,0.798,62,3,4.64,0.184,0.018,0
1,0.0,0.257,0.845,31,1,4.02,0.035,0.019,1
0,249.7,0.011,0.716,72,3,5.63,0.475,0.058,0
0,481.5,0.289,0.65,77,2,9.33,0.215,0.065,0
1,0.0,0.176,0.804,39,1,13.28,0.347,0.062,1
0,262.2,0.25,0.583,16,0,26.1,0.0,0.022,0
0,134.7,0.235,0.515,13,1,12.38,0.261,0,0
0,355.2,0.193,0.712,40,1,9.83,0.172,0.121,0
1,0.0,0.179,0.816,2,5,8.9,0.672,0.043,1
1,0.0,0.021,0.721,20,0,11.9,0.0,0.009,0
0,124.0,0.284,0.915,49,0,11.7,0.206,0,0
0,265.5,0.083,0.317,11,3,0.94,0.392,0.091,0
1,0.0,0.074,0.6,75,5,8.58,0.563,0.094,1
0,122.7,0.311,0.548,22,2,6.0,0.264,0.069,0
1,0.0,0.235,0.778,32,0,5.3,0.122,0.084,1
0,40.2,0.254,0.448,50,6,14.18,0.778,0,1
0,145.4,0.274,0.388,42,2,13.06,0.09,0,0
0,369.3,0.348,0.557,58,0,14.3,0.024,0.127,0
1,0.0,0.133,0.819,76,2,6.78,0.329,0.002,1
0,458.9,0.105,0.764,53,1,0.52,0.339,0,0
0,310.9,0.323,0.634,76,4,9.42,0.364,0.126,1
0,154.2,0.049,0.662,30,0,14.7,0.148,0.036,0
0,274.6,0.195,0.686,21,4,14.93,0.388,0,0
0,403.4,0.15,0.301,23,2,0.84,0.337,0.016,0
0,75.0,0.308,0.886,15,5,8.61,0.618,0,1
0,382.9,0.343,0.339,72,3,5.74,0.388,0,0
0,235.7,0.16,0.349,44,2,9.23,0.26,0.015,0
1,0.0,0.051,0.665,64,2,4.36,0.082,0.107,1
0,173.8,0.206,0.646,48,2,4.36,0.376,0.16,0
0,418.4,0.016,0.344,8,0,8.2,0.118,0.114,0
0,358.1,0.006,0.478,38,2,4.49,0.308,0.066,0
0,496.0,0.176,0.871,46,0,6.5,0.0,0,0
1,0.0,0.064,0.425,64,2,1.55,0.517,0.014,1
0,245.9,0.021,0.757,74,0,7.9,0.0,0.047,0
0,423.5,0.31,0.776,41,0,15.7,0.05,0.026,0
0,36.1,0.199,0.509,26,5,5.05,0.734,0.25,1
0,454.0,0.29,0.537,42,4,10.81,0.427,0,0
1,0.0,0.164,0.397,29,2,2.41,0.108,0.041,1
0,212.6,0.256,0.636,63,3,3.43,0.304,0.142,0
0,27.4,0.116,0.609,3,2,3.72,0.417,0.087,1
0,114.5,0.309,0.596,51,2,13.13,0.321,0.13,0
1,0.0,0.152,0.638,53,1,13.42,0.195,0.136,1
1,0.0,0.106,0.394,43,2,13.77,0.163,0.032,1
0,355.3,0.138,0.497,35,2,2.81,0.31,0,0
0,301.1,0.189,0.503,76,3,9.62,0.341,0.068,0
0,58.9,0.029,0.59,32,0,20.0,0.047,0.033,0
0,355.0,0.156,0.644,60,6,0.84,0.78,0,1
0,352.3,0.029,0.964,64,0,15.9,0.234,0,0
1,0.0,0.125,0.723,75,0,13.0,0.0,0.186,1
0,483.6,0.229,0.558,2,2,0.96,0.308,0.009,0
0,58.9,0.155,0.602,11,0,28.3,0.015,0,0
0,336.5,0.29,0.466,2,1,14.56,0.168,0.052,0
1,0.0,0.041,0.85,54,2,1.16,0.195,0,1
0,317.2,0.318,0.519,3,5,13.43,0.588,0.123,0
0,455.6,0.24,0.463,72,0,6.5,0.176,0.027,0
0,289.9,0.33,0.556,25,3,4.31,0.283,0.08,0
0,255.5,0.243,0.948,57,5,12.8,0.496,0.166,1
0,11.4,0.172,0.876,39,2,0.62,0.383,0.089,1
0,45.7,0.074,0.332,31,0,12.1,0.0,0.065,0
1,0.0,0.246,0.383,39,0,6.7,0.0,0.048,0
0,325.1,0.312,0.387,12,4,13.75,0.376,0.046,0
0,198.2,0.155,0.255,39,3,5.34,0.526,0.123,0
1,0.0,0.158,0.318,6,5,11.68,0.512,0.124,1
0,338.8,0.309,0.359,34,2,8.05,0.441,0.129,0
0,446.1,0.243,0.495,70,2,12.71,0.275,0.182,0
0,58.5,0.278,0.458,14,0,18.1,0.052,0.158,0
0,287.1,0.152,0.394,34,2,8.48,0.366,0.102,0
0,92.1,0.242,0.281,75,2,13.8,0.404,0,0
1,0.0,0.3,0.509,62,4,13.67,0.389,0.056,1
0,434.5,0.23,0.669,20,0,5.0,0.045,0.074,0
0,273.0,0.219,0.798,74,1,1.79,0.247,0.283,0
1,0.0,0.262,0.879,35,5,9.24,0.416,0.054,1
0,370.5,0.257,0.366,75,1,14.09,0.127,0,0
0,186.0,0.326,0.688,76,0,17.6,0.167,0,0
0,134.2,0.069,0.296,5,1,14.06,0.047,0.083,0
1,0.0,0.188,0.756,61,5,1.8,0.779,0,1
0,240.1,0.132,0.779,7,4,3.66,0.473,0.043,0
1,0.0,0.287,0.528,62,5,1.68,0.959,0.178,1
0,248.6,0.175,0.825,28,2,7.18,0.254,0,0
0,51.2,0.179,0.289,7,1,11.79,0.254,0.064,0
0,226.1,0.151,0.685,57,1,8.73,0.103,0.106,0
0,73.4,0.059,0.8,70,1,14.55,0.113,0.045,0
0,460.6,0.259,0.471,62,0,22.0,0.134,0,0
0,475.1,0.208,0.768,29,0,21.0,0.016,0.022,0
0,332.4,0.2,0.375,38,1,13.37,0.102,0,0
0,445.6,0.233,0.403,48,1,14.27,0.259,0.169,0
0,48.6,0.292,0.526,34,1,5.86,0.0,0.077,0
0,254.7,0.279,0.876,47,6,5.36,0.585,0.115,1
0,191.7,0.165,0.855,5,4,6.04,0.487,0,1
0,178.2,0.129,0.256,39,5,13.8,0.521,0.038,0
0,100.8,0.14,0.842,8,2,6.26,0.285,0.008,0
0,436.4,0.097,0.709,66,1,3.13,0.091,0.155,0
0,498.9,0.334,0.385,61,2,12.34,0.223,0.116,0
0,231.9,0.144,0.417,79,0,18.4,0.198,0.034,0
1,0.0,0.288,0.321,34,4,6.98,0.56,0,1
0,372.2,0.062,0.445,18,0,7.8,0.112,0.121,0
0,348.8,0.144,0.882,53,3,7.21,0.422,0.113,0
0,239.3,0.039,0.283,36,0,25.3,0.0,0.076,0
0,169.5,0.182,0.766,20,6,3.08,0.71,0.1,1
0,68.8,0.009,0.6,66,1,11.56,0.283,0,0
0,252.2,0.058,0.369,2,2,5.59,0.348,0.164,0
1,0.0,0.226,0.875,50,2,2.35,0.393,0,1
0,455.7,0.052,0.797,25,1,10.64,0.195,0.14,0
0,427.9,0.242,0.419,52,2,6.69,0.247,0,0
0,204.6,0.318,0.286,58,2,9.3,0.262,0.011,0
0,196.8,0.035,0.48,36,6,12.76,0.648,0.095,0
1,0.0,0.237,0.808,18,6,12.01,0.495,0,1
0,391.9,0.167,0.423,63,1,14.71,0.027,0.271,0
0,79.4,0.056,0.308,4,1,4.18,0.223,0.134,0
0,361.5,0.233,0.381,36,2,1.33,0.256,0.118,0
0,113.4,0.23,0.797,20,1,1.47,0.226,0,0
0,145.1,0.29,0.461,10,1,11.7,0.3,0.01,0
0,445.4,0.025,0.64,16,1,10.13,0.174,0.199,0
0,163.8,0.097,0.428,9,0,25.0,0.066,0.158,0
0,52.4,0.342,0.573,38,2,6.71,0.481,0.07,1
1,0.0,0.345,0.595,36,0,6.5,0.137,0.098,1
0,134.3,0.152,0.301,18,0,8.4,0.02,0.011,0
0,378.4,0.15,0.596,23,2,1.03,0.43,0.137,0
0,90.8,0.172,0.737,58,0,15.9,0.0,0.137,0
1,0.0,0.337,0.711,28,2,3.94,0.272,0.014,1
1,0.0,0.315,0.612,33,2,4.98,0.368,0.068,1
0,99.0,0.044,0.596,36,0,24.4,0.0,0,0
0,285.9,0.16,0.726,81,0,15.5,0.0,0.02,0
0,253.2,0.104,0.896,70,2,12.34,0.388,0,0
0,135.9,0.116,0.479,53,3,3.39,0.266,0.008,0
0,481.8,0.154,0.685,36,0,19.2,0.154,0,0
0,350.4,0.208,0.456,61,4,2.84,0.392,0.078,0
0,310.9,0.321,0.889,39,5,6.21,0.832,0.123,1
0,131.5,0.34,0.975,44,1,4.96,0.148,0.081,1
0,289.0,0.211,0.429,48,1,8.89,0.067,0.027,0
0,439.8,0.092,0.869,10,0,8.7,0.135,0.071,0
0,364.5,0.076,0.634,15,5,12.94,0.616,0.043,0
0,484.0,0.349,0.29,59,0,26.5,0.058,0,0
0,104.4,0.221,0.552,7,0,26.5,0.235,0.092,0
0,157.9,0.198,0.292,3,1,8.72,0.174,0.01,0
0,391.6,0.071,0.498,36,4,10.75,0.357,0,0
0,317.7,0.294,0.547,71,5,9.34,0.623,0.029,0
0,350.9,0.139,0.377,12,4,5.88,0.515,0.1,0
0,103.3,0.143,0.275,50,1,5.0,0.129,0.111,0
0,123.7,0.158,0.732,31,4,12.55,0.496,0.189,1
0,358.3,0.314,0.544,7,0,8.8,0.065,0.017,0
0,41.6,0.092,0.78,74,0,10.7,0.0,0.091,0
0,90.1,0.285,0.583,38,0,16.2,0.0,0.189,0
0,75.4,0.348,0.257,79,0,13.3,0.022,0.016,0
0,440.1,0.08,0.495,25,0,23.4,0.204,0.17,0
0,224.4,0.149,0.493,41,1,13.53,0.057,0.111,0
0,113.2,0.027,0.823,10,1,12.33,0.162,0.067,0
0,32.9,0.189,0.804,7,0,7.3,0.272,0.009,0
0,153.4,0.308,0.83,29,1,10.08,0.0,0.013,0
0,324.7,0.242,0.565,2,5,14.07,0.501,0.076,0
0,186.3,0.19,0.589,21,6,2.65,0.419,0.043,1
0,403.3,0.205,0.743,45,1,13.77,0.229,0.043,0
0,247.9,0.22,0.899,58,0,8.2,0.077,0.063,0
0,125.5,0.121,0.847,3,0,21.7,0.0,0.183,0
0,429.0,0.302,0.272,53,5,2.69,0.762,0.179,0
0,303.1,0.257,0.366,63,3,14.21,0.247,0.049,0
1,0.0,0.159,0.73,62,0,7.8,0.117,0.158,1
0,426.5,0.067,0.251,12,1,3.43,0.079,0.033,0
0,159.3,0.294,0.644,39,0,11.8,0.11,0.056,0
0,385.3,0.24,0.862,57,6,7.0,0.544,0.044,1
0,204.7,0.222,0.768,41,2,3.88,0.34,0.216,0
0,456.9,0.199,0.826,37,4,1.71,0.629,0.066,0
0,290.6,0.325,0.332,40,2,3.67,0.301,0.107,0
0,124.0,0.086,0.363,29,0,25.7,0.0,0.03,0
0,30.9,0.132,0.699,78,6,10.2,0.615,0.094,1
1,0.0,0.266,0.571,53,0,6.6,0.0,0.019,1
0,56.2,0.29,0.439,67,2,8.31,0.336,0,0
0,447.9,0.036,0.439,10,4,1.35,0.531,0.025,0
0,420.2,0.236,0.383,17,3,6.91,0.276,0.041,0
0,322.5,0.099,0.824,66,5,6.81,0.632,0.096,1
0,64.8,0.049,0.384,57,0,5.4,0.039,0.027,0
0,400.0,0.039,0.965,9,0,7.3,0.115,0.107,0
0,298.2,0.208,0.678,69,6,2.83,0.635,0.013,1
0,216.9,0.007,0.296,37,1,11.35,0.14,0,0
0,102.4,0.034,0.482,59,1,4.04,0.078,0.039,0
1,0.0,0.241,0.718,9,5,1.41,0.473,0,1
0,90.4,0.16,0.919,59,4,14.9,0.504,0.206,1
0,115.1,0.169,0.682,12,2,3.07,0.187,0,0
1,0.0,0.107,0.291,62,6,7.83,0.769,0.193,1
1,0.0,0.297,0.37,5,0,18.2,0.0,0,0
0,209.0,0.313,0.673,27,6,10.99,0.678,0.007,1
1,0.0,0.035,0.436,72,5,2.35,0.375,0,1
0,235.7,0.176,0.63,7,4,9.83,0.369,0.033,0
0,495.4,0.288,0.525,30,4,6.07,0.397,0.127,0
1,0.0,0.29,0.379,3,4,9.1,0.496,0.02,1
0,317.9,0.003,0.897,7,5,0.83,0.821,0.04,1
1,0.0,0.144,0.494,25,5,9.47,0.422,0.06,1
0,346.1,0.174,0.645,8,1,6.38,0.106,0.135,0
1,0.0,0.281,0.518,45,3,8.03,0.303,0.01,1
1,0.0,0.037,0.612,78,1,4.71,0.027,0.159,1
1,0.0,0.282,0.358,77,0,15.0,0.077,0.045,0
0,18.9,0.191,0.422,15,0,24.3,0.124,0.214,0
1,0.0,0.194,0.497,42,6,12.31,0.518,0.015,1
0,281.1,0.146,0.759,24,2,13.77,0.172,0.103,0
0,362.9,0.266,0.765,5,2,9.85,0.511,0.073,0
1,0.0,0.091,0.513,12,6,12.75,0.715,0.135,1
1,0.0,0.018,0.962,66,4,7.35,0.327,0.109,1
0,219.6,0.311,0.402,44,1,14.27,0.161,0.049,0
0,202.8,0.096,0.691,30,2,2.89,0.341,0.021,0
0,456.0,0.214,0.355,27,0,9.6,0.0,0.075,0
0,172.6,0.075,0.459,78,1,7.73,0.052,0.06,0
0,192.5,0.078,0.311,52,4,3.77,0.411,0.201,0
0,150.9,0.255,0.657,5,0,5.1,0.05,0.092,0
0,465.4,0.273,0.749,22,3,2.78,0.39,0.064,0
1,0.0,0.256,0.455,40,4,5.21,0.512,0.158,1
0,359.3,0.109,0.541,19,2,9.42,0.418,0.025,0
0,269.3,0.223,0.308,24,3,4.96,0.183,0.074,0
0,155.8,0.306,0.708,22,0,13.9,0.0,0.005,0
1,0.0,0.161,0.809,55,0,13.3,0.0,0.057,1
0,216.4,0.306,0.423,15,5,14.72,0.601,0.03,0
0,258.0,0.311,0.703,20,4,7.39,0.637,0.059,1
0,163.6,0.043,0.791,54,2,11.07,0.285,0,0
1,0.0,0.018,0.324,27,6,7.44,0.597,0.206,1
0,373.7,0.327,0.692,73,1,3.76,0.154,0.067,0
1,0.0,0.201,0.555,38,0,20.2,0.0,0,0
1,0.0,0.208,0.637,13,1,12.57,0.105,0.02,0
0,355.1,0.189,0.459,45,0,21.3,0.0,0.133,0
1,0.0,0.263,0.57,34,3,2.98,0.339,0.115,1
0,171.0,0.248,0.344,15,0,26.1,0.103,0.064,0
1,0.0,0.213,0.887,64,1,8.17,0.198,0.092,1
0,450.4,0.162,0.642,48,2,12.26,0.294,0,0
0,266.3,0.137,0.356,54,6,0.93,0.913,0,1
0,426.0,0.04,0.671,19,4,1.66,0.685,0.026,0
1,0.0,0.23,0.369,68,3,7.29,0.363,0.117,1
1,0.0,0.302,0.405,34,0,20.7,0.0,0,0
0,481.0,0.004,0.33,31,0,23.7,0.045,0.126,0
1,0.0,0.028,0.671,8,3,4.96,0.297,0,1
0,291.2,0.242,0.856,17,0,6.1,0.161,0,0
0,114.0,0.161,0.446,14,3,3.48,0.353,0.006,0
0,259.7,0.21,0.465,2,0,22.6,0.076,0,0
0,54.3,0.222,0.413,39,2,12.4,0.258,0.142,0
0,59.6,0.102,0.735,64,4,13.71,0.535,0.0,1
0,429.1,0.191,0.77,29,0,13.6,0.05,0.1,0
0,43.7,0.247,0.759,2,3,14.4,0.44,0,1
0,272.4,0.286,0.423,34,0,5.9,0.0,0,0
0,139.4,0.17,0.866,16,0,11.6,0.26,0.046,0
0,269.1,0.203,0.383,79,5,6.47,0.58,0,0
1,0.0,0.219,0.369,13,1,14.11,0.239,0,0
0,379.7,0.123,0.833,13,3,2.47,0.24,0.055,0
0,405.0,0.336,0.818,47,0,10.1,0.037,0.151,0
1,0.0,0.315,0.617,25,6,11.34,0.719,0.037,1
0,230.3,0.29,0.255,80,5,13.74,0.651,0.119,0
1,0.0,0.289,0.397,65,2,2.43,0.244,0.098,1
0,432.6,0.081,0.757,36,3,7.2,0.369,0.185,0
0,19.6,0.248,0.854,47,0,19.1,0.102,0.115,0
0,39.2,0.169,0.851,63,0,23.8,0.0,0,0
1,0.0,0.256,0.749,49,5,6.4,0.589,0.121,1
0,100.9,0.005,0.374,69,0,18.3,0.04,0.035,0
0,197.5,0.151,0.535,62,4,6.29,0.429,0.004,1
0,25.6,0.117,0.772,64,0,19.3,0.027,0.116,0
1,0.0,0.011,0.655,78,0,7.4,0.054,0.122,1
0,401.3,0.076,0.679,77,6,7.05,0.402,0.071,0
1,0.0,0.285,0.535,72,6,6.15,0.682,0.082,1
0,374.3,0.277,0.347,73,3,12.6,0.278,0,0
0,36.4,0.342,0.467,65,0,14.0,0.134,0.094,0
1,0.0,0.094,0.682,79,5,4.44,0.6,0.046,1
0,442.8,0.132,0.36,36,2,1.87,0.5,0.008,0
0,362.9,0.008,0.8,36,5,8.33,0.603,0.067,0
0,62.1,0.234,0.674,70,0,25.1,0.0,0.029,0
1,0.0,0.281,0.589,16,6,6.61,0.568,0.068,1
0,454.8,0.175,0.413,16,1,6.86,0.0,0,0
0,250.4,0.217,0.504,76,0,15.1,0.043,0.039,0
0,202.6,0.337,0.364,40,1,4.54,0.137,0.135,0
1,0.0,0.055,0.614,41,1,6.76,0.227,0.144,1
0,42.3,0.058,0.785,80,2,13.59,0.318,0.051,0
0,278.8,0.132,0.986,23,1,9.11,0.185,0.045,0
1,0.0,0.2,0.347,66,2,12.08,0.496,0.079,1
0,412.0,0.049,0.524,7,6,8.21,0.57,0.069,0
1,0.0,0.016,0.756,43,4,14.84,0.678,0,1
0,500.0,0.136,0.766,6,4,4.52,0.356,0.066,0
0,364.3,0.086,0.305,71,2,1.84,0.286,0,0
0,382.0,0.337,0.261,48,6,0.67,0.716,0.004,1
0,146.1,0.144,0.844,4,5,4.13,0.414,0,1
0,360.9,0.033,0.761,79,0,22.7,0.0,0.016,0
1,0.0,0.053,0.614,5,1,14.54,0.274,0.186,1
1,0.0,0.311,0.451,64,3,3.8,0.445,0.147,1
0,211.7,0.056,0.541,80,1,1.76,0.072,0,0
0,62.5,0.041,0.74,40,2,8.68,0.23,0.013,0
0,66.1,0.011,0.403,48,2,6.42,0.299,0.064,0
0,24.5,0.253,0.792,9,6,6.69,0.706,0.026,1
0,473.8,0.25,0.538,40,1,14.36,0.172,0,0
0,365.4,0.34,0.885,25,2,14.82,0.237,0.09,0
0,62.5,0.031,0.525,55,1,7.63,0.193,0.097,0
0,499.6,0.187,0.848,65,3,10.19,0.312,0.086,0
0,259.6,0.297,0.977,30,0,26.4,0.043,0.082,0
0,427.6,0.155,0.47,22,0,21.6,0.0,0,0
0,17.4,0.144,0.477,9,3,14.9,0.401,0.043,0
0,160.7,0.108,0.831,11,0,28.7,0.123,0.092,0
0,423.3,0.212,0.401,59,0,29.2,0.007,0,0
0,59.5,0.249,0.655,71,4,2.63,0.631,0.051,1
0,124.4,0.079,0.451,17,0,23.1,0.0,0.039,0
0,208.5,0.303,0.313,69,0,9.5,0.0,0.137,0
0,106.1,0.262,0.39,78,0,22.7,0.18,0.085,0
0,253.4,0.035,0.546,74,1,2.87,0.118,0.104,0
1,0.0,0.156,0.898,75,0,7.2,0.012,0.236,1
0,408.5,0.084,0.686,22,6,8.54,0.867,0.178,0
0,443.2,0.054,0.694,75,4,4.25,0.379,0.018,0
1,0.0,0.115,0.74,72,1,14.39,0.135,0.011,1
0,356.0,0.008,0.716,25,4,11.3,0.279,0.075,0
0,239.3,0.331,0.615,16,0,24.5,0.03,0,0
0,447.9,0.237,0.523,20,3,11.74,0.238,0.03,0
0,284.2,0.037,0.422,80,6,10.98,0.626,0,0
0,434.9,0.175,0.402,44,1,12.08,0.285,0.173,0
0,201.4,0.013,0.784,11,2,12.78,0.237,0.043,0
0,200.6,0.155,0.53,66,1,8.88,0.38,0.03,0
0,53.8,0.019,0.93,63,2,1.55,0.176,0.039,1
0,188.3,0.343,0.425,61,1,12.8,0.105,0,0
1,0.0,0.048,0.633,53,0,5.3,0.0,0.162,0
1,0.0,0.283,0.487,52,0,8.7,0.024,0.073,0
1,0.0,0.346,0.766,52,6,13.08,0.664,0,1
0,279.5,0.033,0.315,46,3,6.6,0.357,0.004,0
0,429.2,0.043,0.456,67,0,18.7,0.044,0.127,0
0,171.5,0.034,0.786,18,4,1.93,0.562,0.085,1
1,0.0,0.162,0.264,44,1,6.81,0.037,0.032,0
0,217.2,0.162,0.286,68,0,16.5,0.159,0.085,0
0,379.8,0.168,0.606,74,1,1.92,0.369,0,0
1,0.0,0.006,0.478,72,1,7.8,0.1,0.129,1
1,0.0,0.06,0.542,14,2,14.73,0.279,0.09,0
1,0.0,0.292,0.533,64,0,16.1,0.168,0,1
0,472.1,0.073,0.567,28,0,14.0,0.24,0.169,0
0,363.8,0.293,0.752,78,1,8.0,0.443,0,0
0,350.0,0.273,0.462,78,6,8.11,0.61,0.119,0
0,108.0,0.146,0.509,24,2,14.3,0.264,0,0
0,230.6,0.258,0.574,38,2,4.19,0.101,0.021,0
0,128.2,0.273,0.357,55,2,11.37,0.36,0.144,0
0,472.4,0.052,0.294,22,2,9.94,0.392,0,0
0,62.2,0.058,0.771,34,0,12.2,0.103,0,0
0,470.6,0.292,0.571,59,0,5.7,0.042,0.085,0
1,0.0,0.278,0.808,47,0,22.0,0.028,0.199,1
0,230.8,0.309,0.879,71,2,13.9,0.297,0,0
0,345.8,0.329,0.396,29,3,3.16,0.434,0.011,0
0,88.4,0.098,0.409,10,0,18.5,0.098,0.07,0
0,380.6,0.114,0.456,3,4,5.21,0.428,0,0
0,495.7,0.173,0.373,8,0,25.6,0.018,0.07,0
0,487.7,0.197,0.715,28,3,6.23,0.32,0.093,0
0,184.4,0.072,0.714,6,2,0.84,0.304,0.034,0
1,0.0,0.152,0.572,35,2,12.77,0.28,0.053,1
0,286.9,0.295,0.366,72,2,11.76,0.26,0.205,0
0,313.7,0.098,0.274,53,0,27.5,0.012,0.093,0
0,129.9,0.024,0.929,39,2,12.88,0.261,0.153,0
0,494.8,0.099,0.424,30,5,7.81,0.429,0.016,0
0,380.0,0.086,0.403,61,5,6.69,0.486,0.149,0
0,286.5,0.259,0.327,47,1,1.81,0.325,0.031,0
0,163.4,0.306,0.916,66,0,11.1,0.0,0,0
0,235.3,0.206,0.785,32,0,19.9,0.146,0,0
0,314.8,0.279,0.479,72,1,1.95,0.213,0,0
0,472.6,0.299,0.351,16,6,13.81,0.649,0.087,0
1,0.0,0.149,0.421,81,5,9.1,0.463,0,1
0,164.5,0.048,0.673,73,2,10.52,0.31,0,0
0,59.2,0.224,0.763,15,3,7.53,0.422,0,1
0,238.4,0.341,0.431,65,0,29.3,0.0,0.049,0
0,353.2,0.189,0.765,81,1,11.69,0.022,0.027,0
0,320.7,0.29,0.946,60,5,9.05,0.463,0.023,1
0,91.3,0.164,0.941,46,0,27.1,0.158,0.003,0
0,370.3,0.186,0.707,26,3,2.46,0.355,0.035,0
0,332.6,0.273,0.387,41,2,1.66,0.395,0.008,0
0,94.6,0.304,0.645,36,6,14.04,0.51,0.125,1
1,0.0,0.144,0.902,80,0,26.3,0.042,0.073,1
0,52.7,0.199,0.802,4,6,6.55,0.724,0.158,1
0,138.5,0.291,0.29,7,2,6.74,0.275,0.086,0
0,327.0,0.007,0.285,71,5,3.68,0.504,0.089,0
0,419.8,0.033,0.77,76,2,14.49,0.213,0.091,0
0,332.9,0.112,0.85,28,0,16.9,0.001,0.067,0
0,15.1,0.2,0.384,27,0,16.1,0.204,0.01,0
0,339.9,0.072,0.336,2,1,4.61,0.239,0.097,0
0,200.7,0.097,0.684,23,0,16.6,0.101,0.007,0
0,243.5,0.147,0.707,49,5,4.74,0.528,0.033,1
0,242.0,0.3,0.55,70,3,9.49,0.454,0.005,0
0,30.2,0.059,0.435,47,0,24.2,0.089,0.105,0
0,255.5,0.136,0.752,80,0,14.0,0.089,0.023,0
0,195.5,0.266,0.279,22,0,9.9,0.0,0.101,0
0,301.9,0.079,0.472,47,0,7.3,0.056,0.041,0
1,0.0,0.211,0.404,13,0,11.5,0.0,0.08,0
0,153.9,0.159,0.382,75,2,11.05,0.133,0.166,0
0,440.5,0.09,0.35,32,1,6.36,0.342,0,0
0,442.3,0.03,0.81,8,0,28.5,0.0,0.104,0
0,292.7,0.038,0.276,23,6,12.7,0.631,0.044,0
0,26.3,0.315,0.574,27,5,7.88,0.536,0.069,1
0,336.3,0.008,0.78,66,4,14.03,0.476,0.096,0
1,0.0,0.225,0.79,24,4,9.88,0.555,0,1
0,341.4,0.283,0.738,8,2,3.46,0.224,0.006,0
1,0.0,0.265,0.723,40,0,26.1,0.037,0,0
0,415.9,0.243,0.781,27,0,18.6,0.0,0.124,0
0,421.1,0.267,0.678,80,3,3.28,0.368,0.089,0
1,0.0,0.294,0.658,13,0,17.3,0.0,0.018,0
0,388.6,0.082,0.854,81,4,6.63,0.636,0.103,0
0,208.6,0.102,0.667,13,6,14.33,0.67,0.215,1
0,158.2,0.346,0.331,36,5,9.35,0.484,0.034,0
0,303.4,0.022,0.579,81,2,4.25,0.203,0.02,0
1,0.0,0.26,0.424,75,0,24.6,0.05,0,0
0,238.3,0.189,0.826,81,2,9.69,0.326,0.032,0
1,0.0,0.203,0.627,49,5,13.85,0.598,0,1
1,0.0,0.033,0.519,76,0,16.9,0.304,0,0
0,441.1,0.071,0.272,73,3,2.81,0.394,0.078,0
0,279.6,0.228,0.89,40,0,21.5,0.106,0.055,0
0,476.2,0.064,0.435,72,2,8.33,0.244,0,0
0,362.4,0.31,0.38,21,2,6.18,0.276,0.052,0
1,0.0,0.042,0.821,28,1,10.25,0.164,0.098,1
0,169.8,0.208,0.706,39,4,10.37,0.602,0,1
0,407.1,0.326,0.658,34,1,6.41,0.157,0.085,0
0,478.8,0.16,0.553,47,5,7.04,0.651,0,0
0,10.4,0.321,0.444,42,0,13.8,0.1,0.074,0
0,255.6,0.028,0.842,46,6,0.74,0.804,0.131,1
1,0.0,0.191,0.709,24,3,4.11,0.167,0,1
0,211.4,0.35,0.273,30,3,9.26,0.263,0,0
0,294.9,0.198,0.926,59,0,23.7,0.088,0.099,0
1,0.0,0.135,0.695,65,0,14.6,0.0,0.174,1
0,96.7,0.312,0.663,5,6,12.41,0.609,0,1
1,0.0,0.087,0.794,30,4,7.96,0.423,0,1
0,16.1,0.042,0.283,49,5,12.29,0.756,0.094,1
1,0.0,0.261,0.815,30,0,5.7,0.116,0.01,1
0,465.7,0.051,0.939,42,6,10.09,0.735,0.147,0
1,0.0,0.025,0.368,8,3,5.16,0.507,0,1
1,0.0,0.189,0.673,43,0,23.6,0.055,0,0
0,455.2,0.115,0.556,52,2,12.56,0.478,0.086,0
0,315.0,0.091,0.845,9,4,13.86,0.446,0.071,0
0,207.1,0.046,0.626,50,6,14.06,0.553,0.076,1
1,0.0,0.117,0.701,44,0,12.7,0.122,0.069,1
0,69.1,0.057,0.769,20,6,9.47,0.677,0.021,1
0,324.8,0.026,0.489,8,6,3.1,0.687,0.168,0
1,0.0,0.26,0.3,56,4,7.52,0.457,0.072,1
0,427.4,0.109,0.628,47,3,6.75,0.411,0,0
0,434.3,0.271,0.988,81,3,6.5,0.499,0.112,0
0,489.0,0.241,0.646,60,4,9.1,0.499,0.116,0
0,486.1,0.013,0.494,81,2,5.52,0.242,0,0
0,137.7,0.251,0.488,4,6,2.2,0.568,0,1
0,11.3,0.1,0.756,80,1,5.12,0.103,0.142,1
0,306.1,0.276,0.298,12,0,22.0,0.019,0,0
0,385.9,0.258,0.477,12,4,6.29,0.583,0.014,0
0,271.7,0.004,0.633,38,0,29.3,0.031,0,0
1,0.0,0.072,0.5,28,0,10.0,0.174,0.005,0
0,256.5,0.178,0.872,19,0,17.6,0.065,0.15,0
0,302.3,0.014,0.688,3,0,18.5,0.024,0,0
0,48.6,0.07,0.534,69,2,8.29,0.196,0,0
0,89.9,0.14,0.329,30,0,12.4,0.0,0.084,0
0,120.7,0.317,0.513,47,2,10.81,0.246,0.013,0
0,433.1,0.238,0.93,56,0,16.1,0.142,0.081,0
0,367.3,0.202,0.624,32,2,2.42,0.312,0,0
1,0.0,0.132,0.875,64,2,1.57,0.382,0.047,1
0,12.9,0.317,0.465,75,2,3.93,0.38,0.003,1
0,191.8,0.045,0.318,27,1,12.64,0.055,0,0
0,300.3,0.346,0.428,78,0,14.1,0.055,0.112,0
0,347.4,0.269,0.671,5,2,3.85,0.36,0.125,0
0,315.4,0.187,0.811,37,3,14.05,0.442,0.017,0
0,490.9,0.207,0.41,10,5,4.58,0.53,0.12,0
0,319.0,0.042,0.494,37,4,3.56,0.446,0.167,0
0,205.1,0.142,0.73,62,0,17.3,0.0,0.052,0
0,60.2,0.147,0.517,24,0,12.4,0.059,0.08,0
0,451.9,0.142,0.73,73,2,7.81,0.345,0.063,0
0,122.9,0.254,0.784,41,2,1.28,0.409,0,1
0,73.2,0.089,0.604,42,3,8.72,0.441,0.077,0
0,57.6,0.284,0.474,23,0,19.3,0.215,0.038,0
1,0.0,0.223,0.877,43,2,8.92,0.16,0.084,1
0,359.6,0.173,0.581,11,0,14.4,0.101,0,0
0,497.0,0.243,0.317,48,1,12.91,0.166,0.015,0
0,221.9,0.085,0.359,4,3,3.58,0.371,0.027,0
0,151.7,0.014,0.501,61,2,14.05,0.338,0,0
0,136.6,0.154,0.753,53,4,13.08,0.36,0.036,0
0,346.1,0.008,0.855,73,2,9.44,0.275,0.192,0
0,481.1,0.173,0.618,4,0,25.0,0.041,0,0
0,170.8,0.094,0.476,25,2,6.83,0.198,0,0
0,24.4,0.251,0.989,54,6,2.74,0.892,0.063,1
0,457.7,0.172,0.387,72,2,13.36,0.0,0.042,0
0,367.8,0.01,0.557,75,1,5.99,0.122,0.158,0
0,315.7,0.279,0.31,77,6,7.36,0.608,0,1
0,340.9,0.304,0.525,60,2,7.07,0.336,0.117,0
0,422.5,0.15,0.272,30,1,12.17,0.101,0,0
0,442.7,0.278,0.456,24,1,5.07,0.001,0,0
0,266.1,0.076,0.661,19,5,12.66,0.5,0,0
1,0.0,0.32,0.639,2,2,12.3,0.227,0.115,1
0,80.0,0.146,0.329,53,5,4.23,0.511,0.079,1
1,0.0,0.282,0.905,39,5,4.68,0.655,0.102,1
0,12.0,0.026,0.739,61,0,27.7,0.159,0,0
0,157.1,0.289,0.485,22,4,10.59,0.368,0.138,0
1,0.0,0.184,0.566,12,6,7.5,0.59,0.138,1
1,0.0,0.017,0.41,49,5,9.82,0.519,0,1
1,0.0,0.21,0.739,40,4,6.71,0.376,0.072,1
1,0.0,0.085,0.902,25,0,10.0,0.0,0.059,0
